month,market,window,flights,listed_rows,avg_pct,pooled_pct,operations,late
8,ATL-AUS,923,4211,1,52.4,52.4,21,11
4,ATL-BOS,1321,3512,1,53.3,53.3,15,8
12,ATL-BWI,550,2634,1,55.0,55.0,20,11
6,ATL-BWI,891,2634,1,57.1,57.1,28,16
7,ATL-BWI,891,2634,1,67.7,67.7,31,21
6,ATL-BWI,1346,2510,1,93.8,93.8,16,15
6,ATL-DEN,1194,1449,1,76.0,76.0,25,19
5,ATL-DEN,1205,1449,1,70.0,70.0,10,7
6,ATL-DFW,924,3021,1,52.0,52.0,25,13
7,ATL-DFW,924,3021,1,55.6,55.6,27,15
6,ATL-DFW,1223,3097,1,72.7,72.7,22,16
8,ATL-DFW,1223,3097,1,72.2,72.2,18,13
5,ATL-EWR,463,1158,1,60.0,60.0,10,6
4,ATL-EWR,1124,4602,1,66.7,66.7,30,20
5,ATL-EWR,1128,4602,1,81.0,81.0,21,17
12,ATL-EWR,1148,1158,1,58.1,58.1,31,18
6,ATL-EWR,1335,4602,1,60.0,60.0,30,18
7,ATL-EWR,1335,4602,1,80.7,80.6,31,25
12,ATL-FLL,613,3014,1,64.3,64.3,14,9
6,ATL-FLL,994,4874,1,66.7,66.7,21,14
6,ATL-FLL,1282,2174,1,75.0,75.0,20,15
7,ATL-FLL,1290,2174,1,66.7,66.7,21,14
12,ATL-IAD,988,1082,1,63.6,63.6,11,7
6,ATL-IAD,1335,1082,1,72.7,72.7,22,16
7,ATL-IAD,1343,1082,1,66.7,66.7,27,18
6,ATL-IAH,852,1403,1,52.9,52.9,17,9
5,ATL-IAH,860,4075,1,58.3,58.3,12,7
11,ATL-IAH,1237,4075,1,55.6,55.6,18,10
7,ATL-IAH,1260,4075,1,54.8,54.8,31,17
6,ATL-IAH,1290,4075,1,83.3,83.3,24,20
5,ATL-JFK,1335,4818,1,54.8,54.8,31,17
6,ATL-JFK,1335,4818,1,66.7,66.7,30,20
7,ATL-JFK,1335,4818,1,58.1,58.1,31,18
8,ATL-JFK,1335,4818,1,54.8,54.8,31,17
12,ATL-JFK,1355,4818,1,58.1,58.1,31,18
6,ATL-LAS,628,4891,1,52.2,52.2,23,12
6,ATL-LAS,1162,3923,1,75.0,75.0,12,9
6,ATL-LAX,635,4315,1,62.5,62.5,16,10
6,ATL-LAX,1199,3215,1,75.0,75.0,28,21
12,ATL-LGA,854,3454,1,51.6,51.6,31,16
5,ATL-LGA,1243,3288,1,70.0,70.0,20,14
12,ATL-LGA,1248,3288,1,71.0,71.0,31,22
6,ATL-LGA,1260,3288,1,61.5,61.5,26,16
7,ATL-LGA,1260,3288,1,74.2,74.2,31,23
6,ATL-MCO,419,4556,1,53.9,53.8,13,7
7,ATL-MCO,938,3976,1,66.7,66.7,12,8
6,ATL-MCO,942,3976,1,81.8,81.8,11,9
6,ATL-MCO,1112,3508,1,73.3,73.3,15,11
7,ATL-MCO,1112,3508,1,62.5,62.5,16,10
8,ATL-MCO,1112,3508,1,64.3,64.3,14,9
6,ATL-MCO,1149,3508,1,54.5,54.5,11,6
5,ATL-MCO,1153,1564,1,57.1,57.1,14,8
11,ATL-MDW,1268,2779,1,69.2,69.2,13,9
5,ATL-MDW,1272,2779,1,60.0,60.0,10,6
6,ATL-MDW,1335,2779,1,81.2,81.2,16,13
7,ATL-MDW,1335,2779,1,64.7,64.7,17,11
11,ATL-MIA,1300,3442,1,54.5,54.5,11,6
2,ATL-ORD,912,1595,1,58.3,58.3,12,7
12,ATL-ORD,1025,1441,1,52.6,52.6,19,10
12,ATL-ORD,1292,3397,1,52.2,52.2,23,12
11,ATL-ORD,1377,3397,1,52.4,52.4,21,11
6,ATL-ORD,1378,3397,1,71.4,71.4,21,15
7,ATL-ORD,1378,3397,1,58.8,58.8,17,10
7,ATL-PHL,925,2298,1,74.1,74.1,27,20
6,ATL-PHL,935,2298,1,69.6,69.6,23,16
1,ATL-PHL,1221,1102,1,60.0,60.0,10,6
5,ATL-PHL,1341,2552,1,53.9,53.8,13,7
6,ATL-PHL,1344,2552,1,87.5,87.5,16,14
7,ATL-PHL,1344,2552,1,75.0,75.0,20,15
11,ATL-PHL,1345,1102,1,66.7,66.7,24,16
5,ATL-RDU,1276,1168,1,57.1,57.1,14,8
4,ATL-RDU,1321,1168,1,75.0,75.0,12,9
2,ATL-RDU,1347,1670,1,53.3,53.3,15,8
12,ATL-RDU,1365,1670,1,56.7,56.7,30,17
8,ATL-SJU,625,2082,1,60.9,60.9,23,14
6,ATL-SJU,630,2082,1,65.0,65.0,20,13
3,ATL-SJU,667,2082,1,53.9,53.8,13,7
6,ATL-TPA,985,2912,1,65.0,65.0,20,13
5,ATL-TPA,1185,3782,1,61.9,61.9,21,13
6,ATL-TPA,1220,3054,1,63.6,63.6,11,7
6,ATL-TPA,1285,3054,1,75.0,75.0,12,9
7,AUS-ATL,1051,4702,1,66.7,66.7,21,14
8,AUS-ATL,1051,4702,1,57.1,57.1,21,12
6,AUS-ATL,1061,4702,1,72.2,72.2,18,13
6,AUS-SAN,1193,1877,1,63.6,63.6,11,7
8,BNA-ORD,907,3080,1,54.5,54.5,11,6
2,BOS-ATL,310,3511,1,60.0,60.0,10,6
4,BOS-ATL,330,3511,1,53.3,53.3,15,8
12,BOS-MCO,742,3347,1,60.0,60.0,10,6
1,BOS-SJU,603,3001,1,71.4,71.4,28,20
6,BWI-ATL,440,2633,1,57.9,57.9,19,11
12,BWI-ATL,715,2509,1,57.9,57.9,19,11
6,BWI-ATL,1057,2509,1,72.4,72.4,29,21
7,BWI-ATL,1057,2509,1,80.7,80.6,31,25
5,BWI-ATL,1116,2509,1,60.0,60.0,15,9
7,BWI-CLT,991,3075,1,61.1,61.1,18,11
7,BWI-DEN,1046,2705,1,58.8,58.8,17,10
9,BWI-DTW,1130,3081,1,58.3,58.3,12,7
6,BWI-MCO,899,4003,1,54.5,54.5,11,6
7,BWI-MIA,958,1665,1,57.1,57.1,14,8
6,BWI-SJU,767,2266,1,54.5,54.5,11,6
8,BWI-SJU,771,2266,1,72.7,72.7,11,8
7,BWI-SJU,791,2266,1,58.8,58.8,17,10
2,BWI-TPA,1107,4091,1,53.9,53.8,13,7
6,CLE-DEN,1201,4639,1,60.9,60.9,23,14
12,CLE-PHX,870,1471,1,54.5,54.5,11,6
8,CLE-SJU,697,4140,1,54.5,54.5,11,6
11,CLT-CLE,1165,4573,1,54.5,54.5,11,6
1,CLT-IAH,1223,3121,1,58.3,58.3,12,7
11,CLT-LGA,1060,3134,1,54.5,54.5,11,6
3,CLT-LGA,1259,3134,1,65.4,65.4,26,17
4,CLT-LGA,1267,3134,1,57.1,57.1,21,12
7,CLT-MCO,1143,1445,1,72.2,72.2,18,13
8,CLT-MCO,1143,1445,1,80.0,80.0,10,8
5,CLT-PHL,882,1384,1,55.6,55.6,18,10
6,CLT-PHL,942,1384,1,51.7,51.7,29,15
7,CLT-PHL,942,1384,1,54.8,54.8,31,17
7,CLT-TPA,1269,3407,1,61.5,61.5,13,8
4,CVG-DEN,970,3285,1,53.9,53.8,13,7
7,CVG-DEN,1088,3285,1,64.7,64.7,17,11
2,DCA-DEN,1080,689,1,57.1,57.1,28,16
6,DCA-DEN,1080,689,1,53.9,53.8,26,14
7,DCA-DEN,1080,689,1,52.0,52.0,25,13
5,DEN-CVG,1175,1752,1,58.3,58.3,12,7
2,DEN-DCA,704,688,1,53.6,53.6,28,15
2,DEN-DCA,999,690,1,53.6,53.6,28,15
6,DEN-DFW,1275,2632,1,75.0,75.0,12,9
9,DEN-DFW,1278,2632,1,56.2,56.2,16,9
6,DEN-DTW,1186,2212,1,57.1,57.1,21,12
7,DEN-MDW,1046,2210,1,53.9,53.8,13,7
7,DEN-MSP,1287,1292,1,54.8,54.8,31,17
5,DEN-ORD,1222,3174,1,52.6,52.6,19,10
4,DEN-ORD,1250,3172,1,55.6,55.6,18,10
7,DEN-PDX,1350,2687,1,52.9,52.9,17,9
6,DEN-PHL,985,3266,1,52.9,52.9,17,9
7,DEN-PHL,985,3266,1,52.9,52.9,17,9
8,DEN-PHL,985,3266,1,54.5,54.5,11,6
12,DEN-PHL,1439,3340,1,75.0,75.0,16,12
6,DEN-PHX,1349,4753,1,63.2,63.2,19,12
7,DEN-PHX,1349,4753,1,64.7,64.7,17,11
7,DEN-SEA,1349,3405,1,52.9,52.9,17,9
7,DEN-SFO,1296,1093,1,85.7,85.7,14,12
7,DEN-SLC,1296,3981,1,57.1,57.1,14,8
7,DFW-ATL,340,3022,1,52.4,52.4,21,11
6,DFW-ATL,1070,2496,1,56.0,56.0,25,14
7,DFW-ATL,1070,2496,1,63.0,63.0,27,17
7,DFW-BWI,900,1476,1,52.6,52.6,19,10
11,DFW-LGA,995,3424,1,52.2,52.2,23,12
6,DFW-SAN,1371,1425,1,68.4,68.4,19,13
8,DFW-SAN,1371,1425,1,72.7,72.7,11,8
9,DFW-SFO,1254,3999,1,52.9,52.9,17,9
6,DFW-TPA,870,1334,1,61.5,61.5,13,8
9,DTW-DFW,1279,3175,1,58.3,58.3,12,7
5,EWR-ATL,660,1157,1,70.0,70.0,10,7
4,EWR-ATL,1320,4601,1,60.0,60.0,30,18
5,EWR-ATL,1320,4601,1,81.0,81.0,21,17
12,EWR-ATL,1350,1157,1,64.5,64.5,31,20
12,EWR-MDW,690,1413,1,53.9,53.8,13,7
10,EWR-MDW,1320,1413,1,63.6,63.6,11,7
4,EWR-SJU,685,3573,1,53.3,53.3,30,16
1,EWR-SJU,781,3573,1,61.3,61.3,31,19
12,FLL-ATL,790,3013,1,64.3,64.3,14,9
6,FLL-ATL,1172,2171,1,87.5,87.5,16,14
7,FLL-ATL,1173,2171,1,52.9,52.9,17,9
8,FLL-ATL,1173,2171,1,54.5,54.5,11,6
11,IAD-ATL,358,4707,1,53.9,53.8,13,7
4,IAD-ATL,919,4707,1,63.6,63.6,11,7
6,IAD-ATL,984,1081,1,65.0,65.0,20,13
5,IAD-ATL,1003,1081,1,54.5,54.5,11,6
5,IAD-MCO,1046,4811,1,58.3,58.3,12,7
6,IAD-SJU,743,2906,1,63.6,63.6,11,7
7,IAD-SJU,751,2906,1,71.4,71.4,14,10
6,IAD-TPA,1087,2953,1,71.4,71.4,21,15
7,IAD-TPA,1087,2953,1,71.4,71.4,21,15
5,IAH-ATL,751,2400,1,70.0,70.0,10,7
5,IAH-ATL,999,2400,1,60.0,60.0,10,6
6,IAH-ATL,1001,2400,1,84.2,84.2,19,16
7,IAH-ATL,1002,2400,1,68.2,68.2,22,15
6,IAH-MCO,1256,4978,1,63.3,63.3,30,19
7,IAH-ORD,605,3136,1,52.9,52.9,17,9
8,IAH-ORD,605,3136,1,54.5,54.5,11,6
6,IAH-PHX,787,4181,1,75.0,75.0,12,9
6,IAH-TPA,1275,2562,1,61.9,61.9,21,13
12,ISP-FLL,1000,1997,1,57.1,57.1,14,8
7,ISP-MCO,1237,1237,1,63.2,63.2,19,12
8,ISP-MCO,1237,1237,1,72.7,72.7,11,8
6,ISP-TPA,845,3355,1,52.9,52.9,17,9
6,JAX-PHL,986,4022,1,58.3,58.3,12,7
6,LAS-DEN,946,3540,1,58.8,58.8,17,10
5,LAS-MCO,925,1728,1,80.0,80.0,10,8
4,LAS-ORD,1395,2146,1,52.9,52.9,17,9
7,LAS-SAN,643,1469,1,53.3,53.3,15,8
12,LAS-SAN,653,1469,1,55.6,55.6,18,10
6,LAS-SAN,1016,1325,1,52.4,52.4,21,11
12,LAS-SFO,645,3801,1,57.1,57.1,14,8
12,LAS-SFO,1183,4401,1,57.9,57.9,19,11
7,LAX-ATL,782,4316,1,58.8,58.8,17,10
6,LAX-ATL,786,4316,1,75.0,75.0,20,15
6,LAX-ATL,1288,3216,1,60.9,60.9,23,14
7,LAX-ATL,1288,3216,1,56.5,56.5,23,13
5,LAX-ATL,1355,3216,1,57.1,57.1,21,12
5,LAX-DFW,1145,4964,1,60.0,60.0,10,6
6,LAX-IAH,863,1756,1,66.7,66.7,30,20
12,LAX-MCO,1439,4146,1,57.1,57.1,14,8
5,LAX-PHL,1344,3588,1,70.0,70.0,10,7
7,LAX-PHL,1352,3588,1,68.2,68.2,22,15
6,LAX-PHL,1355,3588,1,85.7,85.7,21,18
11,LAX-SFO,1109,2857,1,66.7,66.7,18,12
6,LGA-ATL,390,3287,1,53.3,53.3,30,16
11,LGA-CLT,990,3133,1,58.8,58.8,17,10
6,LGA-RDU,1020,3313,1,53.3,53.3,30,16
12,LGA-RDU,1050,3313,1,60.0,60.0,30,18
6,MCI-DEN,1191,3375,1,54.5,54.5,11,6
5,MCO-ATL,1165,4025,1,58.3,58.3,12,7
6,MCO-ATL,1300,4025,1,69.2,69.2,26,18
8,MCO-ATL,1300,4025,1,70.6,70.6,17,12
5,MCO-ATL,1335,4555,1,53.9,53.8,13,7
12,MCO-CLE,1210,4541,1,56.2,56.2,16,9
12,MCO-CLE,1269,2251,1,60.0,60.0,15,9
7,MCO-CVG,934,1749,1,75.0,75.0,12,9
7,MCO-CVG,1377,2547,1,58.8,58.8,17,10
8,MCO-ISP,1015,4532,1,72.7,72.7,11,8
8,MCO-LAS,1165,1727,1,53.9,53.8,13,7
5,MCO-PHL,1132,4170,1,55.6,55.6,18,10
6,MCO-PHL,1132,4170,1,64.7,64.7,17,11
7,MCO-PHL,1132,4170,1,64.7,64.7,17,11
10,MCO-PHL,1362,1808,1,58.8,58.8,17,10
12,MCO-SJU,720,1824,1,55.0,55.0,20,11
10,MDW-EWR,1076,1414,1,81.8,81.8,11,9
11,MIA-ATL,1115,3059,1,57.1,57.1,14,8
8,MIA-BWI,954,2940,1,54.5,54.5,11,6
12,MIA-JFK,1300,1810,1,53.3,53.3,15,8
6,MIA-PHL,1302,1204,1,55.6,55.6,18,10
7,MSN-DEN,1158,4061,1,57.1,57.1,14,8
6,MYR-ISP,1265,1682,1,68.8,68.8,16,11
7,MYR-ISP,1273,1682,1,70.6,70.6,17,12
7,OKC-DEN,1080,1863,1,52.9,52.9,17,9
7,OMA-DEN,1191,1127,1,55.6,55.6,18,10
6,ONT-DEN,1041,2908,1,57.1,57.1,28,16
9,ONT-LAS,1159,4758,1,53.9,53.8,13,7
6,ONT-LAS,1176,4758,1,54.5,54.5,11,6
6,ORD-ATL,1096,1442,1,59.1,59.1,22,13
7,ORD-ATL,1096,1442,1,62.5,62.5,16,10
1,ORD-DFW,961,3241,1,53.9,53.8,13,7
10,ORD-DFW,1145,1341,1,54.5,54.5,11,6
7,ORD-SAN,819,1855,1,54.8,54.8,31,17
6,PBI-ISP,1317,2448,1,72.7,72.7,11,8
7,PBI-PHL,939,2500,1,58.3,58.3,12,7
11,PHL-ATL,1115,1101,1,56.0,56.0,25,14
7,PHL-ATL,1125,1101,1,70.0,70.0,30,21
6,PHL-ATL,1134,1101,1,72.0,72.0,25,18
12,PHL-ATL,1241,1003,1,63.6,63.6,11,7
5,PHL-DFW,970,3985,1,66.7,66.7,12,8
12,PHL-LAS,430,1601,1,64.3,64.3,14,9
6,PHL-MCO,1010,2505,1,52.4,52.4,21,11
10,PHL-MCO,1138,2507,1,52.6,52.6,19,10
5,PHL-MCO,1349,4169,1,55.6,55.6,18,10
6,PHL-MCO,1349,4169,1,55.6,55.6,18,10
7,PHL-MCO,1349,4169,1,58.8,58.8,17,10
6,PHL-MIA,1056,1203,1,61.1,61.1,18,11
7,PHL-MIA,1056,1203,1,58.8,58.8,17,10
6,PHL-MYR,1115,3271,1,62.5,62.5,16,10
7,PHL-MYR,1117,3271,1,70.6,70.6,17,12
12,PHL-PBI,525,2581,1,60.0,60.0,15,9
6,PHL-PBI,1090,2581,1,72.7,72.7,11,8
5,PHL-SJU,667,1726,1,58.3,58.3,12,7
1,PHL-SJU,956,1166,1,54.5,54.5,11,6
7,PHL-SJU,1205,4462,1,51.6,51.6,31,16
7,PHL-TPA,955,2339,1,54.5,54.5,11,6
12,PHL-TPA,1055,2339,1,56.2,56.2,16,9
1,PHL-TPA,1069,2339,1,56.2,56.2,16,9
5,PHL-TPA,1126,2339,1,60.0,60.0,15,9
7,PHL-TPA,1160,2339,1,60.0,60.0,10,6
6,PHX-AUS,888,3660,1,72.7,72.7,11,8
12,PHX-CLE,1099,1472,1,58.3,58.3,12,7
11,PHX-LAS,1320,4113,1,70.0,70.0,10,7
6,PHX-SAN,946,2083,1,53.3,53.3,15,8
12,PIT-PHL,910,1792,1,60.0,60.0,10,6
6,PIT-PHL,949,1792,1,61.1,61.1,18,11
7,PNS-DEN,989,2443,1,66.7,66.7,12,8
8,PNS-DEN,989,2443,1,78.6,78.6,14,11
8,RDU-ATL,1027,4797,1,58.3,58.3,12,7
6,RDU-ATL,1035,4797,1,52.6,52.6,19,10
6,RDU-DEN,1038,2225,1,54.2,54.2,24,13
11,RDU-LGA,894,3314,1,52.6,52.6,19,10
12,RDU-MCO,1214,1233,1,60.0,60.0,30,18
5,RDU-PHL,950,2060,1,57.1,57.1,21,12
12,RSW-DTW,826,3893,1,60.0,60.0,10,6
5,SAN-LAS,771,1466,1,80.0,80.0,10,8
7,SAN-LAS,779,1466,1,66.7,66.7,15,10
8,SAN-LAS,779,1466,1,61.5,61.5,13,8
12,SAN-LAS,786,1470,1,58.3,58.3,12,7
11,SAN-LAS,949,1470,1,54.5,54.5,11,6
6,SAN-LAS,1156,1326,1,52.4,52.4,21,11
7,SAN-ORD,1004,1856,1,64.5,64.5,31,20
6,SAN-ORD,1013,1856,1,84.2,84.2,19,16
6,SAN-PHX,1290,1572,1,63.6,63.6,11,7
6,SAN-SFO,1073,3383,1,60.0,60.0,15,9
7,SAN-SFO,1073,3383,1,57.1,57.1,21,12
12,SAN-SFO,1210,3381,1,55.0,55.0,20,11
6,SEA-LAS,911,4830,1,55.6,55.6,18,10
4,SFO-ATL,1438,1448,1,53.3,53.3,30,16
6,SFO-DEN,1122,3440,1,70.0,70.0,10,7
6,SFO-LAS,1139,1850,1,58.3,58.3,12,7
10,SFO-LAS,1357,4156,1,54.5,54.5,11,6
6,SFO-PHX,1231,2638,1,61.9,61.9,21,13
7,SFO-PHX,1231,2638,1,52.4,52.4,21,11
11,SFO-PHX,1255,2638,1,66.7,66.7,18,12
8,SJU-ATL,908,2871,1,52.2,52.2,23,12
6,SJU-ATL,915,2871,1,55.0,55.0,20,11
12,SJU-IAD,967,2905,1,54.5,54.5,11,6
1,SJU-MIA,1152,3377,1,53.9,53.8,13,7
7,SJU-PHL,59,1015,1,61.3,61.3,31,19
8,SJU-PHL,59,1015,1,63.0,63.0,27,17
7,SJU-PHL,659,1165,1,58.8,58.8,17,10
8,SJU-PHL,779,1165,1,54.5,54.5,11,6
1,SJU-PHL,1305,4461,1,55.6,55.6,18,10
6,SJU-TPA,1063,2215,1,64.7,64.7,17,11
8,SJU-TPA,1063,2215,1,81.8,81.8,11,9
7,SLC-DFW,1187,3278,1,58.3,58.3,12,7
10,SLC-LAS,1213,3015,1,54.5,54.5,11,6
11,SLC-LAS,1340,1507,1,60.0,60.0,10,6
12,STL-MCO,987,2630,1,60.0,60.0,15,9
6,TPA-ATL,1166,3053,1,80.0,80.0,20,16
4,TPA-ATL,1180,3781,1,72.2,72.2,18,13
6,TPA-BOS,1284,1216,1,57.9,57.9,19,11
7,TPA-BOS,1285,1216,1,51.6,51.6,31,16
6,TPA-BWI,1245,1538,1,72.7,72.7,11,8
6,TPA-CLT,1108,3408,1,58.3,58.3,12,7
8,TPA-DEN,1310,2745,1,54.5,54.5,11,6
6,TPA-DEN,1323,2745,1,64.7,64.7,17,11
7,TPA-IAD,897,2954,1,52.4,52.4,21,11
6,TPA-IAH,1100,2561,1,75.0,75.0,12,9
3,TPA-PHL,1105,2538,1,61.5,61.5,13,8
7,TPA-PHL,1192,2836,1,90.9,90.9,11,10
12,TPA-PHL,1299,1474,1,66.7,66.7,12,8
5,TPA-TTN,1275,4172,1,66.7,66.7,12,8
