market,flight_number,months_listed,consecutive_months,longest_run,months,worst_pct,mean_pct,total_operations,total_late
ATL-JFK,4818,5,4,2025-05..2025-08,"05,06,07,08,12",66.7,58.5,154,90
ATL-EWR,4602,4,4,2025-04..2025-07,"04,05,06,07",81.0,72.1,112,80
IAH-ATL,2400,4,3,2025-05..2025-07,"05,05,06,07",84.2,70.6,61,44
ATL-LGA,3288,4,3,2025-05..2025-07,"05,06,07,12",74.2,69.2,108,75
ATL-MDW,2779,4,3,2025-05..2025-07,"05,06,07,11",81.2,68.8,56,39
BWI-ATL,2509,4,3,2025-05..2025-07,"05,06,07,12",80.7,67.7,94,66
ATL-MCO,3508,4,3,2025-06..2025-08,"06,06,07,08",73.3,63.7,56,36
ATL-IAH,4075,4,3,2025-05..2025-07,"05,06,07,11",83.3,63.0,85,54
LAX-PHL,3588,3,3,2025-05..2025-07,"05,06,07",85.7,74.6,53,40
ATL-PHL,2552,3,3,2025-05..2025-07,"05,06,07",87.5,72.1,49,36
AUS-ATL,4702,3,3,2025-06..2025-08,"06,07,08",72.2,65.3,60,39
FLL-ATL,2171,3,3,2025-06..2025-08,"06,07,08",87.5,65.0,44,29
BWI-SJU,2266,3,3,2025-06..2025-08,"06,07,08",72.7,62.0,39,24
MCO-PHL,4170,3,3,2025-05..2025-07,"05,06,07",64.7,61.7,52,32
LAX-ATL,3216,3,3,2025-05..2025-07,"05,06,07",60.9,58.2,67,39
PHL-MCO,4169,3,3,2025-05..2025-07,"05,06,07",58.8,56.6,53,30
CLT-PHL,1384,3,3,2025-05..2025-07,"05,06,07",55.6,54.0,78,42
DEN-PHL,3266,3,3,2025-06..2025-08,"06,07,08",54.5,53.5,45,24
ATL-ORD,3397,4,2,2025-06..2025-07,"06,07,11,12",71.4,58.7,82,48
SAN-LAS,1466,3,2,2025-07..2025-08,"05,07,08",80.0,69.4,38,26
ATL-IAD,1082,3,2,2025-06..2025-07,"06,07,12",72.7,67.7,60,41
MCO-ATL,4025,3,2,2025-05..2025-06,"05,06,08",70.6,66.0,55,37
PHL-ATL,1101,3,2,2025-06..2025-07,"06,07,11",72.0,66.0,80,53
SFO-PHX,2638,3,2,2025-06..2025-07,"06,07,11",66.7,60.3,60,36
ATL-BWI,2634,3,2,2025-06..2025-07,"06,07,12",67.7,60.0,79,48
CLT-LGA,3134,3,2,2025-03..2025-04,"03,04,11",65.4,59.0,58,35
DCA-DEN,689,3,2,2025-06..2025-07,"02,06,07",57.1,54.3,79,43
CLT-MCO,1445,2,2,2025-07..2025-08,"07,08",80.0,76.1,28,21
SAN-ORD,1856,2,2,2025-06..2025-07,"06,07",84.2,74.4,50,36
ATL-MCO,3976,2,2,2025-06..2025-07,"06,07",81.8,74.2,23,17
ATL-DEN,1449,2,2,2025-05..2025-06,"05,06",76.0,73.0,35,26
PNS-DEN,2443,2,2,2025-07..2025-08,"07,08",78.6,72.6,26,19
ATL-PHL,2298,2,2,2025-06..2025-07,"06,07",74.1,71.8,50,36
IAD-TPA,2953,2,2,2025-06..2025-07,"06,07",71.4,71.4,42,30
ATL-FLL,2174,2,2,2025-06..2025-07,"06,07",75.0,70.8,41,29
EWR-ATL,4601,2,2,2025-04..2025-05,"04,05",81.0,70.5,51,35
MYR-ISP,1682,2,2,2025-06..2025-07,"06,07",70.6,69.7,33,23
ISP-MCO,1237,2,2,2025-07..2025-08,"07,08",72.7,67.9,30,20
IAD-SJU,2906,2,2,2025-06..2025-07,"06,07",71.4,67.5,25,17
LAX-ATL,4316,2,2,2025-06..2025-07,"06,07",75.0,66.9,37,25
PHL-MYR,3271,2,2,2025-06..2025-07,"06,07",70.6,66.5,33,22
ATL-RDU,1168,2,2,2025-04..2025-05,"04,05",75.0,66.1,26,17
DEN-PHX,4753,2,2,2025-06..2025-07,"06,07",64.7,63.9,36,23
SJU-PHL,1015,2,2,2025-07..2025-08,"07,08",63.0,62.1,58,36
ORD-ATL,1442,2,2,2025-06..2025-07,"06,07",62.5,60.8,38,23
PHL-MIA,1203,2,2,2025-06..2025-07,"06,07",61.1,60.0,35,21
IAD-ATL,1081,2,2,2025-05..2025-06,"05,06",65.0,59.8,31,19
DFW-ATL,2496,2,2,2025-06..2025-07,"06,07",63.0,59.5,52,31
SAN-SFO,3383,2,2,2025-06..2025-07,"06,07",60.0,58.6,36,21
SJU-PHL,1165,2,2,2025-07..2025-08,"07,08",58.8,56.7,28,16
SAN-LAS,1470,2,2,2025-11..2025-12,"11,12",58.3,56.4,23,13
TPA-BOS,1216,2,2,2025-06..2025-07,"06,07",57.9,54.8,50,27
ATL-DFW,3021,2,2,2025-06..2025-07,"06,07",55.6,53.8,52,28
IAH-ORD,3136,2,2,2025-07..2025-08,"07,08",54.5,53.7,28,15
PHL-TPA,2339,5,1,2025-01..2025-01,"01,05,07,07,12",60.0,57.4,68,39
ATL-SJU,2082,3,1,2025-03..2025-03,"03,06,08",65.0,59.9,56,34
SJU-TPA,2215,2,1,2025-06..2025-06,"06,08",81.8,73.3,28,20
ATL-DFW,3097,2,1,2025-06..2025-06,"06,08",72.7,72.5,40,29
DFW-SAN,1425,2,1,2025-06..2025-06,"06,08",72.7,70.6,30,21
ATL-TPA,3054,2,1,2025-06..2025-06,"06,06",75.0,69.3,23,16
EWR-ATL,1157,2,1,2025-05..2025-05,"05,12",70.0,67.3,41,27
PHL-PBI,2581,2,1,2025-06..2025-06,"06,12",72.7,66.4,26,17
DEN-DFW,2632,2,1,2025-06..2025-06,"06,09",75.0,65.6,28,18
ATL-PHL,1102,2,1,2025-01..2025-01,"01,11",66.7,63.3,34,22
PIT-PHL,1792,2,1,2025-06..2025-06,"06,12",61.1,60.6,28,17
TPA-DEN,2745,2,1,2025-06..2025-06,"06,08",64.7,59.6,28,17
CVG-DEN,3285,2,1,2025-04..2025-04,"04,07",64.7,59.3,30,18
ATL-EWR,1158,2,1,2025-05..2025-05,"05,12",60.0,59.0,41,24
EWR-MDW,1413,2,1,2025-10..2025-10,"10,12",63.6,58.7,24,14
IAD-ATL,4707,2,1,2025-04..2025-04,"04,11",63.6,58.7,24,14
EWR-SJU,3573,2,1,2025-01..2025-01,"01,04",61.3,57.3,61,35
BOS-ATL,3511,2,1,2025-02..2025-02,"02,04",60.0,56.7,25,14
LGA-RDU,3313,2,1,2025-06..2025-06,"06,12",60.0,56.7,60,34
RDU-ATL,4797,2,1,2025-06..2025-06,"06,08",58.3,55.5,31,17
ATL-RDU,1670,2,1,2025-02..2025-02,"02,12",56.7,55.0,45,25
LAS-SAN,1469,2,1,2025-07..2025-07,"07,12",55.6,54.4,33,18
ONT-LAS,4758,2,1,2025-06..2025-06,"06,09",54.5,54.2,24,13
SJU-ATL,2871,2,1,2025-06..2025-06,"06,08",55.0,53.6,43,23
ATL-BWI,2510,1,1,2025-06..2025-06,06,93.8,93.8,16,15
TPA-PHL,2836,1,1,2025-07..2025-07,07,90.9,90.9,11,10
DEN-SFO,1093,1,1,2025-07..2025-07,07,85.7,85.7,14,12
MDW-EWR,1414,1,1,2025-10..2025-10,10,81.8,81.8,11,9
LAS-MCO,1728,1,1,2025-05..2025-05,05,80.0,80.0,10,8
TPA-ATL,3053,1,1,2025-06..2025-06,06,80.0,80.0,20,16
ATL-LAS,3923,1,1,2025-06..2025-06,06,75.0,75.0,12,9
ATL-LAX,3215,1,1,2025-06..2025-06,06,75.0,75.0,28,21
DEN-PHL,3340,1,1,2025-12..2025-12,12,75.0,75.0,16,12
IAH-PHX,4181,1,1,2025-06..2025-06,06,75.0,75.0,12,9
MCO-CVG,1749,1,1,2025-07..2025-07,07,75.0,75.0,12,9
TPA-IAH,2561,1,1,2025-06..2025-06,06,75.0,75.0,12,9
MCO-ISP,4532,1,1,2025-08..2025-08,08,72.7,72.7,11,8
PBI-ISP,2448,1,1,2025-06..2025-06,06,72.7,72.7,11,8
PHX-AUS,3660,1,1,2025-06..2025-06,06,72.7,72.7,11,8
TPA-BWI,1538,1,1,2025-06..2025-06,06,72.7,72.7,11,8
TPA-ATL,3781,1,1,2025-04..2025-04,04,72.2,72.2,18,13
BOS-SJU,3001,1,1,2025-01..2025-01,01,71.4,71.4,28,20
PHX-LAS,4113,1,1,2025-11..2025-11,11,70.0,70.0,10,7
SFO-DEN,3440,1,1,2025-06..2025-06,06,70.0,70.0,10,7
ATL-FLL,4874,1,1,2025-06..2025-06,06,66.7,66.7,21,14
LAX-IAH,1756,1,1,2025-06..2025-06,06,66.7,66.7,30,20
LAX-SFO,2857,1,1,2025-11..2025-11,11,66.7,66.7,18,12
PHL-DFW,3985,1,1,2025-05..2025-05,05,66.7,66.7,12,8
TPA-PHL,1474,1,1,2025-12..2025-12,12,66.7,66.7,12,8
TPA-TTN,4172,1,1,2025-05..2025-05,05,66.7,66.7,12,8
ATL-TPA,2912,1,1,2025-06..2025-06,06,65.0,65.0,20,13
ATL-FLL,3014,1,1,2025-12..2025-12,12,64.3,64.3,14,9
FLL-ATL,3013,1,1,2025-12..2025-12,12,64.3,64.3,14,9
PHL-LAS,1601,1,1,2025-12..2025-12,12,64.3,64.3,14,9
AUS-SAN,1877,1,1,2025-06..2025-06,06,63.6,63.6,11,7
PHL-ATL,1003,1,1,2025-12..2025-12,12,63.6,63.6,11,7
SAN-PHX,1572,1,1,2025-06..2025-06,06,63.6,63.6,11,7
IAH-MCO,4978,1,1,2025-06..2025-06,06,63.3,63.3,30,19
ATL-LAX,4315,1,1,2025-06..2025-06,06,62.5,62.5,16,10
ATL-TPA,3782,1,1,2025-05..2025-05,05,61.9,61.9,21,13
IAH-TPA,2562,1,1,2025-06..2025-06,06,61.9,61.9,21,13
CLT-TPA,3407,1,1,2025-07..2025-07,07,61.5,61.5,13,8
DFW-TPA,1334,1,1,2025-06..2025-06,06,61.5,61.5,13,8
TPA-PHL,2538,1,1,2025-03..2025-03,03,61.5,61.5,13,8
BWI-CLT,3075,1,1,2025-07..2025-07,07,61.1,61.1,18,11
CLE-DEN,4639,1,1,2025-06..2025-06,06,60.9,60.9,23,14
BOS-MCO,3347,1,1,2025-12..2025-12,12,60.0,60.0,10,6
LAX-DFW,4964,1,1,2025-05..2025-05,05,60.0,60.0,10,6
MCO-CLE,2251,1,1,2025-12..2025-12,12,60.0,60.0,15,9
RDU-MCO,1233,1,1,2025-12..2025-12,12,60.0,60.0,30,18
RSW-DTW,3893,1,1,2025-12..2025-12,12,60.0,60.0,10,6
SLC-LAS,1507,1,1,2025-11..2025-11,11,60.0,60.0,10,6
STL-MCO,2630,1,1,2025-12..2025-12,12,60.0,60.0,15,9
BWI-DEN,2705,1,1,2025-07..2025-07,07,58.8,58.8,17,10
LAS-DEN,3540,1,1,2025-06..2025-06,06,58.8,58.8,17,10
LGA-CLT,3133,1,1,2025-11..2025-11,11,58.8,58.8,17,10
MCO-CVG,2547,1,1,2025-07..2025-07,07,58.8,58.8,17,10
MCO-PHL,1808,1,1,2025-10..2025-10,10,58.8,58.8,17,10
ATL-ORD,1595,1,1,2025-02..2025-02,02,58.3,58.3,12,7
BWI-DTW,3081,1,1,2025-09..2025-09,09,58.3,58.3,12,7
CLT-IAH,3121,1,1,2025-01..2025-01,01,58.3,58.3,12,7
DEN-CVG,1752,1,1,2025-05..2025-05,05,58.3,58.3,12,7
DTW-DFW,3175,1,1,2025-09..2025-09,09,58.3,58.3,12,7
IAD-MCO,4811,1,1,2025-05..2025-05,05,58.3,58.3,12,7
JAX-PHL,4022,1,1,2025-06..2025-06,06,58.3,58.3,12,7
PBI-PHL,2500,1,1,2025-07..2025-07,07,58.3,58.3,12,7
PHL-SJU,1726,1,1,2025-05..2025-05,05,58.3,58.3,12,7
PHX-CLE,1472,1,1,2025-12..2025-12,12,58.3,58.3,12,7
SFO-LAS,1850,1,1,2025-06..2025-06,06,58.3,58.3,12,7
SLC-DFW,3278,1,1,2025-07..2025-07,07,58.3,58.3,12,7
TPA-CLT,3408,1,1,2025-06..2025-06,06,58.3,58.3,12,7
BWI-ATL,2633,1,1,2025-06..2025-06,06,57.9,57.9,19,11
LAS-SFO,4401,1,1,2025-12..2025-12,12,57.9,57.9,19,11
ATL-MCO,1564,1,1,2025-05..2025-05,05,57.1,57.1,14,8
BWI-MIA,1665,1,1,2025-07..2025-07,07,57.1,57.1,14,8
DEN-DTW,2212,1,1,2025-06..2025-06,06,57.1,57.1,21,12
DEN-SLC,3981,1,1,2025-07..2025-07,07,57.1,57.1,14,8
ISP-FLL,1997,1,1,2025-12..2025-12,12,57.1,57.1,14,8
LAS-SFO,3801,1,1,2025-12..2025-12,12,57.1,57.1,14,8
LAX-MCO,4146,1,1,2025-12..2025-12,12,57.1,57.1,14,8
MIA-ATL,3059,1,1,2025-11..2025-11,11,57.1,57.1,14,8
MSN-DEN,4061,1,1,2025-07..2025-07,07,57.1,57.1,14,8
ONT-DEN,2908,1,1,2025-06..2025-06,06,57.1,57.1,28,16
RDU-PHL,2060,1,1,2025-05..2025-05,05,57.1,57.1,21,12
MCO-CLE,4541,1,1,2025-12..2025-12,12,56.2,56.2,16,9
DEN-ORD,3172,1,1,2025-04..2025-04,04,55.6,55.6,18,10
MIA-PHL,1204,1,1,2025-06..2025-06,06,55.6,55.6,18,10
OMA-DEN,1127,1,1,2025-07..2025-07,07,55.6,55.6,18,10
SEA-LAS,4830,1,1,2025-06..2025-06,06,55.6,55.6,18,10
SJU-PHL,4461,1,1,2025-01..2025-01,01,55.6,55.6,18,10
MCO-SJU,1824,1,1,2025-12..2025-12,12,55.0,55.0,20,11
SAN-SFO,3381,1,1,2025-12..2025-12,12,55.0,55.0,20,11
DEN-MSP,1292,1,1,2025-07..2025-07,07,54.8,54.8,31,17
ORD-SAN,1855,1,1,2025-07..2025-07,07,54.8,54.8,31,17
ATL-MIA,3442,1,1,2025-11..2025-11,11,54.5,54.5,11,6
BNA-ORD,3080,1,1,2025-08..2025-08,08,54.5,54.5,11,6
BWI-MCO,4003,1,1,2025-06..2025-06,06,54.5,54.5,11,6
CLE-PHX,1471,1,1,2025-12..2025-12,12,54.5,54.5,11,6
CLE-SJU,4140,1,1,2025-08..2025-08,08,54.5,54.5,11,6
CLT-CLE,4573,1,1,2025-11..2025-11,11,54.5,54.5,11,6
MCI-DEN,3375,1,1,2025-06..2025-06,06,54.5,54.5,11,6
MIA-BWI,2940,1,1,2025-08..2025-08,08,54.5,54.5,11,6
ORD-DFW,1341,1,1,2025-10..2025-10,10,54.5,54.5,11,6
PHL-SJU,1166,1,1,2025-01..2025-01,01,54.5,54.5,11,6
SFO-LAS,4156,1,1,2025-10..2025-10,10,54.5,54.5,11,6
SJU-IAD,2905,1,1,2025-12..2025-12,12,54.5,54.5,11,6
SLC-LAS,3015,1,1,2025-10..2025-10,10,54.5,54.5,11,6
RDU-DEN,2225,1,1,2025-06..2025-06,06,54.2,54.2,24,13
ATL-MCO,4556,1,1,2025-06..2025-06,06,53.9,53.9,13,7
BWI-TPA,4091,1,1,2025-02..2025-02,02,53.9,53.9,13,7
DEN-MDW,2210,1,1,2025-07..2025-07,07,53.9,53.9,13,7
MCO-ATL,4555,1,1,2025-05..2025-05,05,53.9,53.9,13,7
MCO-LAS,1727,1,1,2025-08..2025-08,08,53.9,53.9,13,7
ORD-DFW,3241,1,1,2025-01..2025-01,01,53.9,53.9,13,7
SJU-MIA,3377,1,1,2025-01..2025-01,01,53.9,53.9,13,7
DEN-DCA,688,1,1,2025-02..2025-02,02,53.6,53.6,28,15
DEN-DCA,690,1,1,2025-02..2025-02,02,53.6,53.6,28,15
ATL-BOS,3512,1,1,2025-04..2025-04,04,53.3,53.3,15,8
LGA-ATL,3287,1,1,2025-06..2025-06,06,53.3,53.3,30,16
MIA-JFK,1810,1,1,2025-12..2025-12,12,53.3,53.3,15,8
PHX-SAN,2083,1,1,2025-06..2025-06,06,53.3,53.3,15,8
SFO-ATL,1448,1,1,2025-04..2025-04,04,53.3,53.3,30,16
ATL-IAH,1403,1,1,2025-06..2025-06,06,52.9,52.9,17,9
DEN-PDX,2687,1,1,2025-07..2025-07,07,52.9,52.9,17,9
DEN-SEA,3405,1,1,2025-07..2025-07,07,52.9,52.9,17,9
DFW-SFO,3999,1,1,2025-09..2025-09,09,52.9,52.9,17,9
ISP-TPA,3355,1,1,2025-06..2025-06,06,52.9,52.9,17,9
LAS-ORD,2146,1,1,2025-04..2025-04,04,52.9,52.9,17,9
OKC-DEN,1863,1,1,2025-07..2025-07,07,52.9,52.9,17,9
ATL-ORD,1441,1,1,2025-12..2025-12,12,52.6,52.6,19,10
DEN-ORD,3174,1,1,2025-05..2025-05,05,52.6,52.6,19,10
DFW-BWI,1476,1,1,2025-07..2025-07,07,52.6,52.6,19,10
PHL-MCO,2507,1,1,2025-10..2025-10,10,52.6,52.6,19,10
RDU-LGA,3314,1,1,2025-11..2025-11,11,52.6,52.6,19,10
ATL-AUS,4211,1,1,2025-08..2025-08,08,52.4,52.4,21,11
DFW-ATL,3022,1,1,2025-07..2025-07,07,52.4,52.4,21,11
LAS-SAN,1325,1,1,2025-06..2025-06,06,52.4,52.4,21,11
PHL-MCO,2505,1,1,2025-06..2025-06,06,52.4,52.4,21,11
SAN-LAS,1326,1,1,2025-06..2025-06,06,52.4,52.4,21,11
TPA-IAD,2954,1,1,2025-07..2025-07,07,52.4,52.4,21,11
ATL-LAS,4891,1,1,2025-06..2025-06,06,52.2,52.2,23,12
DFW-LGA,3424,1,1,2025-11..2025-11,11,52.2,52.2,23,12
ATL-LGA,3454,1,1,2025-12..2025-12,12,51.6,51.6,31,16
PHL-SJU,4462,1,1,2025-07..2025-07,07,51.6,51.6,31,16
