operating,marketing,fnum,mon,ap,dep,ops,late,pct,avgmin,source_file,month,O,Dst
FRONTIER,FRONTIER,4211,Aug,ATL-AUS,1523.0,21.0,11.0,52.38,99.0,btscd_08_August_2025_Chronic_Delay_0.xlsx,8,ATL,AUS
FRONTIER,FRONTIER,3512,Apr,ATL-BOS,2201.0,15.0,8.0,53.33,98.5,btscd_04_Apr_2025_Chronic_Delay.xlsx,4,ATL,BOS
FRONTIER,FRONTIER,2510,Jun,ATL-BWI,2226.0,16.0,15.0,93.75,104.25,btscd_06_June_2025_Chronic_Delay.xlsx,6,ATL,BWI
FRONTIER,FRONTIER,2634,Jun,ATL-BWI,1451.0,28.0,16.0,57.14,87.33,btscd_06_June_2025_Chronic_Delay.xlsx,6,ATL,BWI
FRONTIER,FRONTIER,2634,Jul,ATL-BWI,1451.0,31.0,21.0,67.74,86.81,btscd_07_July_2025_Chronic_Delay.xlsx,7,ATL,BWI
FRONTIER,FRONTIER,2634,Dec,ATL-BWI,910.0,20.0,11.0,55.0,80.8,btscd_Table_8_Chronic_Delay_December_2025_0.xlsx,12,ATL,BWI
FRONTIER,FRONTIER,1449,May,ATL-DEN,2005.0,10.0,7.0,70.0,116.0,btscd_05_May_2025_Chronic_Delay.xlsx,5,ATL,DEN
FRONTIER,FRONTIER,1449,Jun,ATL-DEN,1954.0,25.0,19.0,76.0,90.33,btscd_06_June_2025_Chronic_Delay.xlsx,6,ATL,DEN
FRONTIER,FRONTIER,3021,Jun,ATL-DFW,1524.0,25.0,13.0,52.0,95.08,btscd_06_June_2025_Chronic_Delay.xlsx,6,ATL,DFW
FRONTIER,FRONTIER,3021,Jul,ATL-DFW,1524.0,27.0,15.0,55.56,68.67,btscd_07_July_2025_Chronic_Delay.xlsx,7,ATL,DFW
FRONTIER,FRONTIER,3097,Jun,ATL-DFW,2023.0,22.0,16.0,72.73,94.38,btscd_06_June_2025_Chronic_Delay.xlsx,6,ATL,DFW
FRONTIER,FRONTIER,3097,Aug,ATL-DFW,2023.0,18.0,13.0,72.22,101.18,btscd_08_August_2025_Chronic_Delay_0.xlsx,8,ATL,DFW
FRONTIER,FRONTIER,1158,May,ATL-EWR,743.0,10.0,6.0,60.0,50.83,btscd_05_May_2025_Chronic_Delay.xlsx,5,ATL,EWR
FRONTIER,FRONTIER,1158,Dec,ATL-EWR,1908.0,31.0,18.0,58.06,102.75,btscd_Table_8_Chronic_Delay_December_2025_0.xlsx,12,ATL,EWR
FRONTIER,FRONTIER,4602,Apr,ATL-EWR,1844.0,30.0,20.0,66.67,124.12,btscd_04_Apr_2025_Chronic_Delay.xlsx,4,ATL,EWR
FRONTIER,FRONTIER,4602,May,ATL-EWR,1848.0,21.0,17.0,80.95,153.38,btscd_05_May_2025_Chronic_Delay.xlsx,5,ATL,EWR
FRONTIER,FRONTIER,4602,Jun,ATL-EWR,2215.0,30.0,18.0,60.0,148.07,btscd_06_June_2025_Chronic_Delay.xlsx,6,ATL,EWR
FRONTIER,FRONTIER,4602,Jul,ATL-EWR,2215.0,31.0,25.0,80.65,140.57,btscd_07_July_2025_Chronic_Delay.xlsx,7,ATL,EWR
FRONTIER,FRONTIER,2174,Jun,ATL-FLL,2122.0,20.0,15.0,75.0,85.27,btscd_06_June_2025_Chronic_Delay.xlsx,6,ATL,FLL
FRONTIER,FRONTIER,2174,Jul,ATL-FLL,2130.0,21.0,14.0,66.67,89.67,btscd_07_July_2025_Chronic_Delay.xlsx,7,ATL,FLL
FRONTIER,FRONTIER,3014,Dec,ATL-FLL,1013.0,14.0,9.0,64.29,76.13,btscd_Table_8_Chronic_Delay_December_2025_0.xlsx,12,ATL,FLL
FRONTIER,FRONTIER,4874,Jun,ATL-FLL,1634.0,21.0,14.0,66.67,111.79,btscd_06_June_2025_Chronic_Delay.xlsx,6,ATL,FLL
FRONTIER,FRONTIER,1082,Jun,ATL-IAD,2215.0,22.0,16.0,72.73,107.0,btscd_06_June_2025_Chronic_Delay.xlsx,6,ATL,IAD
FRONTIER,FRONTIER,1082,Jul,ATL-IAD,2223.0,27.0,18.0,66.67,127.77,btscd_07_July_2025_Chronic_Delay.xlsx,7,ATL,IAD
FRONTIER,FRONTIER,1082,Dec,ATL-IAD,1628.0,11.0,7.0,63.64,107.29,btscd_Table_8_Chronic_Delay_December_2025_0.xlsx,12,ATL,IAD
FRONTIER,FRONTIER,1403,Jun,ATL-IAH,1412.0,17.0,9.0,52.94,84.86,btscd_06_June_2025_Chronic_Delay.xlsx,6,ATL,IAH
FRONTIER,FRONTIER,4075,May,ATL-IAH,1420.0,12.0,7.0,58.33,90.57,btscd_05_May_2025_Chronic_Delay.xlsx,5,ATL,IAH
FRONTIER,FRONTIER,4075,Jun,ATL-IAH,2130.0,24.0,20.0,83.33,102.89,btscd_06_June_2025_Chronic_Delay.xlsx,6,ATL,IAH
FRONTIER,FRONTIER,4075,Jul,ATL-IAH,2100.0,31.0,17.0,54.84,98.53,btscd_07_July_2025_Chronic_Delay.xlsx,7,ATL,IAH
FRONTIER,FRONTIER,4075,Nov,ATL-IAH,2037.0,18.0,10.0,55.56,155.7,btscd_Table_8_Chronic_Delay_November_2025.xlsx,11,ATL,IAH
FRONTIER,FRONTIER,4818,May,ATL-JFK,2215.0,31.0,17.0,54.84,174.65,btscd_05_May_2025_Chronic_Delay.xlsx,5,ATL,JFK
FRONTIER,FRONTIER,4818,Jun,ATL-JFK,2215.0,30.0,20.0,66.67,151.75,btscd_06_June_2025_Chronic_Delay.xlsx,6,ATL,JFK
FRONTIER,FRONTIER,4818,Jul,ATL-JFK,2215.0,31.0,18.0,58.06,83.53,btscd_07_July_2025_Chronic_Delay.xlsx,7,ATL,JFK
FRONTIER,FRONTIER,4818,Aug,ATL-JFK,2215.0,31.0,17.0,54.84,75.94,btscd_08_August_2025_Chronic_Delay_0.xlsx,8,ATL,JFK
FRONTIER,FRONTIER,4818,Dec,ATL-JFK,2235.0,31.0,18.0,58.06,86.56,btscd_Table_8_Chronic_Delay_December_2025_0.xlsx,12,ATL,JFK
FRONTIER,FRONTIER,3923,Jun,ATL-LAS,1922.0,12.0,9.0,75.0,179.0,btscd_06_June_2025_Chronic_Delay.xlsx,6,ATL,LAS
FRONTIER,FRONTIER,4891,Jun,ATL-LAS,1028.0,23.0,12.0,52.17,103.91,btscd_06_June_2025_Chronic_Delay.xlsx,6,ATL,LAS
FRONTIER,FRONTIER,3215,Jun,ATL-LAX,1959.0,28.0,21.0,75.0,120.63,btscd_06_June_2025_Chronic_Delay.xlsx,6,ATL,LAX
FRONTIER,FRONTIER,4315,Jun,ATL-LAX,1035.0,16.0,10.0,62.5,109.78,btscd_06_June_2025_Chronic_Delay.xlsx,6,ATL,LAX
FRONTIER,FRONTIER,3288,May,ATL-LGA,2043.0,20.0,14.0,70.0,139.25,btscd_05_May_2025_Chronic_Delay.xlsx,5,ATL,LGA
FRONTIER,FRONTIER,3288,Jun,ATL-LGA,2100.0,26.0,16.0,61.54,161.09,btscd_06_June_2025_Chronic_Delay.xlsx,6,ATL,LGA
FRONTIER,FRONTIER,3288,Jul,ATL-LGA,2100.0,31.0,23.0,74.19,127.0,btscd_07_July_2025_Chronic_Delay.xlsx,7,ATL,LGA
FRONTIER,FRONTIER,3288,Dec,ATL-LGA,2048.0,31.0,22.0,70.97,94.59,btscd_Table_8_Chronic_Delay_December_2025_0.xlsx,12,ATL,LGA
FRONTIER,FRONTIER,3454,Dec,ATL-LGA,1414.0,31.0,16.0,51.61,110.92,btscd_Table_8_Chronic_Delay_December_2025_0.xlsx,12,ATL,LGA
FRONTIER,FRONTIER,1564,May,ATL-MCO,1913.0,14.0,8.0,57.14,112.75,btscd_05_May_2025_Chronic_Delay.xlsx,5,ATL,MCO
FRONTIER,FRONTIER,3508,Jun,ATL-MCO,1832.0,15.0,11.0,73.33,195.38,btscd_06_June_2025_Chronic_Delay.xlsx,6,ATL,MCO
FRONTIER,FRONTIER,3508,Jun,ATL-MCO,1909.0,11.0,6.0,54.55,99.0,btscd_06_June_2025_Chronic_Delay.xlsx,6,ATL,MCO
FRONTIER,FRONTIER,3508,Jul,ATL-MCO,1832.0,16.0,10.0,62.5,119.56,btscd_07_July_2025_Chronic_Delay.xlsx,7,ATL,MCO
FRONTIER,FRONTIER,3508,Aug,ATL-MCO,1832.0,14.0,9.0,64.29,123.56,btscd_08_August_2025_Chronic_Delay_0.xlsx,8,ATL,MCO
FRONTIER,FRONTIER,3976,Jun,ATL-MCO,1542.0,11.0,9.0,81.82,134.78,btscd_06_June_2025_Chronic_Delay.xlsx,6,ATL,MCO
FRONTIER,FRONTIER,3976,Jul,ATL-MCO,1538.0,12.0,8.0,66.67,205.0,btscd_07_July_2025_Chronic_Delay.xlsx,7,ATL,MCO
FRONTIER,FRONTIER,4556,Jun,ATL-MCO,659.0,13.0,7.0,53.85,65.0,btscd_06_June_2025_Chronic_Delay.xlsx,6,ATL,MCO
FRONTIER,FRONTIER,2779,May,ATL-MDW,2112.0,10.0,6.0,60.0,79.67,btscd_05_May_2025_Chronic_Delay.xlsx,5,ATL,MDW
FRONTIER,FRONTIER,2779,Jun,ATL-MDW,2215.0,16.0,13.0,81.25,121.58,btscd_06_June_2025_Chronic_Delay.xlsx,6,ATL,MDW
FRONTIER,FRONTIER,2779,Jul,ATL-MDW,2215.0,17.0,11.0,64.71,164.27,btscd_07_July_2025_Chronic_Delay.xlsx,7,ATL,MDW
FRONTIER,FRONTIER,2779,Nov,ATL-MDW,2108.0,13.0,9.0,69.23,202.25,btscd_Table_8_Chronic_Delay_November_2025.xlsx,11,ATL,MDW
FRONTIER,FRONTIER,3442,Nov,ATL-MIA,2140.0,11.0,6.0,54.55,83.17,btscd_Table_8_Chronic_Delay_November_2025.xlsx,11,ATL,MIA
FRONTIER,FRONTIER,1441,Dec,ATL-ORD,1705.0,19.0,10.0,52.63,110.38,btscd_Table_8_Chronic_Delay_December_2025_0.xlsx,12,ATL,ORD
FRONTIER,FRONTIER,1595,Feb,ATL-ORD,1512.0,12.0,7.0,58.33,80.14,btscd_02_Feb_2025_Chronic_Delay.xlsx,2,ATL,ORD
FRONTIER,FRONTIER,3397,Jun,ATL-ORD,2258.0,21.0,15.0,71.43,88.69,btscd_06_June_2025_Chronic_Delay.xlsx,6,ATL,ORD
FRONTIER,FRONTIER,3397,Jul,ATL-ORD,2258.0,17.0,10.0,58.82,172.0,btscd_07_July_2025_Chronic_Delay.xlsx,7,ATL,ORD
FRONTIER,FRONTIER,3397,Nov,ATL-ORD,2257.0,21.0,11.0,52.38,170.43,btscd_Table_8_Chronic_Delay_November_2025.xlsx,11,ATL,ORD
FRONTIER,FRONTIER,3397,Dec,ATL-ORD,2132.0,23.0,12.0,52.17,93.0,btscd_Table_8_Chronic_Delay_December_2025_0.xlsx,12,ATL,ORD
FRONTIER,FRONTIER,1102,Jan,ATL-PHL,2021.0,10.0,6.0,60.0,103.0,btscd_01_Jan_2025_Chronic_Delay.xlsx,1,ATL,PHL
FRONTIER,FRONTIER,1102,Nov,ATL-PHL,2225.0,24.0,16.0,66.67,94.21,btscd_Table_8_Chronic_Delay_November_2025.xlsx,11,ATL,PHL
FRONTIER,FRONTIER,2298,Jun,ATL-PHL,1535.0,23.0,16.0,69.57,101.69,btscd_06_June_2025_Chronic_Delay.xlsx,6,ATL,PHL
FRONTIER,FRONTIER,2298,Jul,ATL-PHL,1525.0,27.0,20.0,74.07,127.63,btscd_07_July_2025_Chronic_Delay.xlsx,7,ATL,PHL
FRONTIER,FRONTIER,2552,May,ATL-PHL,2221.0,13.0,7.0,53.85,133.57,btscd_05_May_2025_Chronic_Delay.xlsx,5,ATL,PHL
FRONTIER,FRONTIER,2552,Jun,ATL-PHL,2224.0,16.0,14.0,87.5,121.33,btscd_06_June_2025_Chronic_Delay.xlsx,6,ATL,PHL
FRONTIER,FRONTIER,2552,Jul,ATL-PHL,2224.0,20.0,15.0,75.0,172.67,btscd_07_July_2025_Chronic_Delay.xlsx,7,ATL,PHL
FRONTIER,FRONTIER,1168,Apr,ATL-RDU,2201.0,12.0,9.0,75.0,174.88,btscd_04_Apr_2025_Chronic_Delay.xlsx,4,ATL,RDU
FRONTIER,FRONTIER,1168,May,ATL-RDU,2116.0,14.0,8.0,57.14,108.5,btscd_05_May_2025_Chronic_Delay.xlsx,5,ATL,RDU
FRONTIER,FRONTIER,1670,Feb,ATL-RDU,2227.0,15.0,8.0,53.33,106.57,btscd_02_Feb_2025_Chronic_Delay.xlsx,2,ATL,RDU
FRONTIER,FRONTIER,1670,Dec,ATL-RDU,2245.0,30.0,17.0,56.67,176.13,btscd_Table_8_Chronic_Delay_December_2025_0.xlsx,12,ATL,RDU
FRONTIER,FRONTIER,2082,Mar,ATL-SJU,1107.0,13.0,7.0,53.85,179.71,btscd_03_Mar_2025_Chronic_Delay.xlsx,3,ATL,SJU
FRONTIER,FRONTIER,2082,Jun,ATL-SJU,1030.0,20.0,13.0,65.0,113.62,btscd_06_June_2025_Chronic_Delay.xlsx,6,ATL,SJU
FRONTIER,FRONTIER,2082,Aug,ATL-SJU,1025.0,23.0,14.0,60.87,92.14,btscd_08_August_2025_Chronic_Delay_0.xlsx,8,ATL,SJU
FRONTIER,FRONTIER,2912,Jun,ATL-TPA,1625.0,20.0,13.0,65.0,102.17,btscd_06_June_2025_Chronic_Delay.xlsx,6,ATL,TPA
FRONTIER,FRONTIER,3054,Jun,ATL-TPA,2125.0,12.0,9.0,75.0,104.0,btscd_06_June_2025_Chronic_Delay.xlsx,6,ATL,TPA
FRONTIER,FRONTIER,3054,Jun,ATL-TPA,2020.0,11.0,7.0,63.64,95.86,btscd_06_June_2025_Chronic_Delay.xlsx,6,ATL,TPA
FRONTIER,FRONTIER,3782,May,ATL-TPA,1945.0,21.0,13.0,61.9,129.56,btscd_05_May_2025_Chronic_Delay.xlsx,5,ATL,TPA
FRONTIER,FRONTIER,4702,Jun,AUS-ATL,1741.0,18.0,13.0,72.22,99.17,btscd_06_June_2025_Chronic_Delay.xlsx,6,AUS,ATL
FRONTIER,FRONTIER,4702,Jul,AUS-ATL,1731.0,21.0,14.0,66.67,101.36,btscd_07_July_2025_Chronic_Delay.xlsx,7,AUS,ATL
FRONTIER,FRONTIER,4702,Aug,AUS-ATL,1731.0,21.0,12.0,57.14,98.5,btscd_08_August_2025_Chronic_Delay_0.xlsx,8,AUS,ATL
FRONTIER,FRONTIER,1877,Jun,AUS-SAN,1953.0,11.0,7.0,63.64,95.2,btscd_06_June_2025_Chronic_Delay.xlsx,6,AUS,SAN
FRONTIER,FRONTIER,3080,Aug,BNA-ORD,1507.0,11.0,6.0,54.55,101.5,btscd_08_August_2025_Chronic_Delay_0.xlsx,8,BNA,ORD
FRONTIER,FRONTIER,3511,Feb,BOS-ATL,510.0,10.0,6.0,60.0,76.75,btscd_02_Feb_2025_Chronic_Delay.xlsx,2,BOS,ATL
FRONTIER,FRONTIER,3511,Apr,BOS-ATL,530.0,15.0,8.0,53.33,83.57,btscd_04_Apr_2025_Chronic_Delay.xlsx,4,BOS,ATL
FRONTIER,FRONTIER,3347,Dec,BOS-MCO,1222.0,10.0,6.0,60.0,96.17,btscd_Table_8_Chronic_Delay_December_2025_0.xlsx,12,BOS,MCO
FRONTIER,FRONTIER,3001,Jan,BOS-SJU,1003.0,28.0,20.0,71.43,94.06,btscd_01_Jan_2025_Chronic_Delay.xlsx,1,BOS,SJU
FRONTIER,FRONTIER,2509,May,BWI-ATL,1836.0,15.0,9.0,60.0,188.0,btscd_05_May_2025_Chronic_Delay.xlsx,5,BWI,ATL
FRONTIER,FRONTIER,2509,Jun,BWI-ATL,1737.0,29.0,21.0,72.41,89.33,btscd_06_June_2025_Chronic_Delay.xlsx,6,BWI,ATL
FRONTIER,FRONTIER,2509,Jul,BWI-ATL,1737.0,31.0,25.0,80.65,118.05,btscd_07_July_2025_Chronic_Delay.xlsx,7,BWI,ATL
FRONTIER,FRONTIER,2509,Dec,BWI-ATL,1155.0,19.0,11.0,57.89,142.8,btscd_Table_8_Chronic_Delay_December_2025_0.xlsx,12,BWI,ATL
FRONTIER,FRONTIER,2633,Jun,BWI-ATL,720.0,19.0,11.0,57.89,59.33,btscd_06_June_2025_Chronic_Delay.xlsx,6,BWI,ATL
FRONTIER,FRONTIER,3075,Jul,BWI-CLT,1631.0,18.0,11.0,61.11,152.13,btscd_07_July_2025_Chronic_Delay.xlsx,7,BWI,CLT
FRONTIER,FRONTIER,2705,Jul,BWI-DEN,1726.0,17.0,10.0,58.82,146.7,btscd_07_July_2025_Chronic_Delay.xlsx,7,BWI,DEN
FRONTIER,FRONTIER,3081,Sep,BWI-DTW,1850.0,12.0,7.0,58.33,94.67,btscd_09_September_2025_Chronic_Delay_0.xlsx,9,BWI,DTW
FRONTIER,FRONTIER,4003,Jun,BWI-MCO,1459.0,11.0,6.0,54.55,129.8,btscd_06_June_2025_Chronic_Delay.xlsx,6,BWI,MCO
FRONTIER,FRONTIER,1665,Jul,BWI-MIA,1558.0,14.0,8.0,57.14,140.14,btscd_07_July_2025_Chronic_Delay.xlsx,7,BWI,MIA
FRONTIER,FRONTIER,2266,Jun,BWI-SJU,1247.0,11.0,6.0,54.55,167.83,btscd_06_June_2025_Chronic_Delay.xlsx,6,BWI,SJU
FRONTIER,FRONTIER,2266,Jul,BWI-SJU,1311.0,17.0,10.0,58.82,233.5,btscd_07_July_2025_Chronic_Delay.xlsx,7,BWI,SJU
FRONTIER,FRONTIER,2266,Aug,BWI-SJU,1251.0,11.0,8.0,72.73,97.63,btscd_08_August_2025_Chronic_Delay_0.xlsx,8,BWI,SJU
FRONTIER,FRONTIER,4091,Feb,BWI-TPA,1827.0,13.0,7.0,53.85,102.14,btscd_02_Feb_2025_Chronic_Delay.xlsx,2,BWI,TPA
FRONTIER,FRONTIER,4639,Jun,CLE-DEN,2001.0,23.0,14.0,60.87,105.5,btscd_06_June_2025_Chronic_Delay.xlsx,6,CLE,DEN
FRONTIER,FRONTIER,1471,Dec,CLE-PHX,1430.0,11.0,6.0,54.55,86.4,btscd_Table_8_Chronic_Delay_December_2025_0.xlsx,12,CLE,PHX
FRONTIER,FRONTIER,4140,Aug,CLE-SJU,1137.0,11.0,6.0,54.55,58.0,btscd_08_August_2025_Chronic_Delay_0.xlsx,8,CLE,SJU
FRONTIER,FRONTIER,4573,Nov,CLT-CLE,1925.0,11.0,6.0,54.55,155.2,btscd_Table_8_Chronic_Delay_November_2025.xlsx,11,CLT,CLE
FRONTIER,FRONTIER,3121,Jan,CLT-IAH,2023.0,12.0,7.0,58.33,50.5,btscd_01_Jan_2025_Chronic_Delay.xlsx,1,CLT,IAH
FRONTIER,FRONTIER,3134,Mar,CLT-LGA,2059.0,26.0,17.0,65.38,80.67,btscd_03_Mar_2025_Chronic_Delay.xlsx,3,CLT,LGA
FRONTIER,FRONTIER,3134,Apr,CLT-LGA,2107.0,21.0,12.0,57.14,211.5,btscd_04_Apr_2025_Chronic_Delay.xlsx,4,CLT,LGA
FRONTIER,FRONTIER,3134,Nov,CLT-LGA,1740.0,11.0,6.0,54.55,130.8,btscd_Table_8_Chronic_Delay_November_2025.xlsx,11,CLT,LGA
FRONTIER,FRONTIER,1445,Jul,CLT-MCO,1903.0,18.0,13.0,72.22,134.3,btscd_07_July_2025_Chronic_Delay.xlsx,7,CLT,MCO
FRONTIER,FRONTIER,1445,Aug,CLT-MCO,1903.0,10.0,8.0,80.0,99.71,btscd_08_August_2025_Chronic_Delay_0.xlsx,8,CLT,MCO
FRONTIER,FRONTIER,1384,May,CLT-PHL,1442.0,18.0,10.0,55.56,137.11,btscd_05_May_2025_Chronic_Delay.xlsx,5,CLT,PHL
FRONTIER,FRONTIER,1384,Jun,CLT-PHL,1542.0,29.0,15.0,51.72,141.14,btscd_06_June_2025_Chronic_Delay.xlsx,6,CLT,PHL
FRONTIER,FRONTIER,1384,Jul,CLT-PHL,1542.0,31.0,17.0,54.84,81.86,btscd_07_July_2025_Chronic_Delay.xlsx,7,CLT,PHL
FRONTIER,FRONTIER,3407,Jul,CLT-TPA,2109.0,13.0,8.0,61.54,136.43,btscd_07_July_2025_Chronic_Delay.xlsx,7,CLT,TPA
FRONTIER,FRONTIER,3285,Apr,CVG-DEN,1610.0,13.0,7.0,53.85,71.8,btscd_04_Apr_2025_Chronic_Delay.xlsx,4,CVG,DEN
FRONTIER,FRONTIER,3285,Jul,CVG-DEN,1808.0,17.0,11.0,64.71,131.13,btscd_07_July_2025_Chronic_Delay.xlsx,7,CVG,DEN
FRONTIER,FRONTIER,689,Feb,DCA-DEN,1800.0,28.0,16.0,57.14,95.31,btscd_02_Feb_2025_Chronic_Delay.xlsx,2,DCA,DEN
FRONTIER,FRONTIER,689,Jun,DCA-DEN,1800.0,26.0,14.0,53.85,152.14,btscd_06_June_2025_Chronic_Delay.xlsx,6,DCA,DEN
FRONTIER,FRONTIER,689,Jul,DCA-DEN,1800.0,25.0,13.0,52.0,168.08,btscd_07_July_2025_Chronic_Delay.xlsx,7,DCA,DEN
FRONTIER,FRONTIER,1752,May,DEN-CVG,1935.0,12.0,7.0,58.33,240.86,btscd_05_May_2025_Chronic_Delay.xlsx,5,DEN,CVG
FRONTIER,FRONTIER,688,Feb,DEN-DCA,1144.0,28.0,15.0,53.57,84.57,btscd_02_Feb_2025_Chronic_Delay.xlsx,2,DEN,DCA
FRONTIER,FRONTIER,690,Feb,DEN-DCA,1639.0,28.0,15.0,53.57,90.07,btscd_02_Feb_2025_Chronic_Delay.xlsx,2,DEN,DCA
FRONTIER,FRONTIER,2632,Jun,DEN-DFW,2115.0,12.0,9.0,75.0,114.89,btscd_06_June_2025_Chronic_Delay.xlsx,6,DEN,DFW
FRONTIER,FRONTIER,2632,Sep,DEN-DFW,2118.0,16.0,9.0,56.25,87.67,btscd_09_September_2025_Chronic_Delay_0.xlsx,9,DEN,DFW
FRONTIER,FRONTIER,2212,Jun,DEN-DTW,1946.0,21.0,12.0,57.14,101.33,btscd_06_June_2025_Chronic_Delay.xlsx,6,DEN,DTW
FRONTIER,FRONTIER,2210,Jul,DEN-MDW,1726.0,13.0,7.0,53.85,90.29,btscd_07_July_2025_Chronic_Delay.xlsx,7,DEN,MDW
FRONTIER,FRONTIER,1292,Jul,DEN-MSP,2127.0,31.0,17.0,54.84,85.29,btscd_07_July_2025_Chronic_Delay.xlsx,7,DEN,MSP
FRONTIER,FRONTIER,3172,Apr,DEN-ORD,2050.0,18.0,10.0,55.56,79.33,btscd_04_Apr_2025_Chronic_Delay.xlsx,4,DEN,ORD
FRONTIER,FRONTIER,3174,May,DEN-ORD,2022.0,19.0,10.0,52.63,115.9,btscd_05_May_2025_Chronic_Delay.xlsx,5,DEN,ORD
FRONTIER,FRONTIER,2687,Jul,DEN-PDX,2230.0,17.0,9.0,52.94,196.14,btscd_07_July_2025_Chronic_Delay.xlsx,7,DEN,PDX
FRONTIER,FRONTIER,3266,Jun,DEN-PHL,1625.0,17.0,9.0,52.94,216.11,btscd_06_June_2025_Chronic_Delay.xlsx,6,DEN,PHL
FRONTIER,FRONTIER,3266,Jul,DEN-PHL,1625.0,17.0,9.0,52.94,287.0,btscd_07_July_2025_Chronic_Delay.xlsx,7,DEN,PHL
FRONTIER,FRONTIER,3266,Aug,DEN-PHL,1625.0,11.0,6.0,54.55,97.4,btscd_08_August_2025_Chronic_Delay_0.xlsx,8,DEN,PHL
FRONTIER,FRONTIER,3340,Dec,DEN-PHL,2359.0,16.0,12.0,75.0,66.0,btscd_Table_8_Chronic_Delay_December_2025_0.xlsx,12,DEN,PHL
FRONTIER,FRONTIER,4753,Jun,DEN-PHX,2229.0,19.0,12.0,63.16,111.33,btscd_06_June_2025_Chronic_Delay.xlsx,6,DEN,PHX
FRONTIER,FRONTIER,4753,Jul,DEN-PHX,2229.0,17.0,11.0,64.71,87.55,btscd_07_July_2025_Chronic_Delay.xlsx,7,DEN,PHX
FRONTIER,FRONTIER,3405,Jul,DEN-SEA,2229.0,17.0,9.0,52.94,119.5,btscd_07_July_2025_Chronic_Delay.xlsx,7,DEN,SEA
FRONTIER,FRONTIER,1093,Jul,DEN-SFO,2136.0,14.0,12.0,85.71,69.75,btscd_07_July_2025_Chronic_Delay.xlsx,7,DEN,SFO
FRONTIER,FRONTIER,3981,Jul,DEN-SLC,2136.0,14.0,8.0,57.14,195.14,btscd_07_July_2025_Chronic_Delay.xlsx,7,DEN,SLC
FRONTIER,FRONTIER,2496,Jun,DFW-ATL,1750.0,25.0,14.0,56.0,72.15,btscd_06_June_2025_Chronic_Delay.xlsx,6,DFW,ATL
FRONTIER,FRONTIER,2496,Jul,DFW-ATL,1750.0,27.0,17.0,62.96,89.71,btscd_07_July_2025_Chronic_Delay.xlsx,7,DFW,ATL
FRONTIER,FRONTIER,3022,Jul,DFW-ATL,540.0,21.0,11.0,52.38,56.75,btscd_07_July_2025_Chronic_Delay.xlsx,7,DFW,ATL
FRONTIER,FRONTIER,1476,Jul,DFW-BWI,1500.0,19.0,10.0,52.63,97.38,btscd_07_July_2025_Chronic_Delay.xlsx,7,DFW,BWI
FRONTIER,FRONTIER,3424,Nov,DFW-LGA,1635.0,23.0,12.0,52.17,149.0,btscd_Table_8_Chronic_Delay_November_2025.xlsx,11,DFW,LGA
FRONTIER,FRONTIER,1425,Jun,DFW-SAN,2251.0,19.0,13.0,68.42,169.83,btscd_06_June_2025_Chronic_Delay.xlsx,6,DFW,SAN
FRONTIER,FRONTIER,1425,Aug,DFW-SAN,2251.0,11.0,8.0,72.73,110.38,btscd_08_August_2025_Chronic_Delay_0.xlsx,8,DFW,SAN
FRONTIER,FRONTIER,3999,Sep,DFW-SFO,2054.0,17.0,9.0,52.94,52.5,btscd_09_September_2025_Chronic_Delay_0.xlsx,9,DFW,SFO
FRONTIER,FRONTIER,1334,Jun,DFW-TPA,1430.0,13.0,8.0,61.54,58.29,btscd_06_June_2025_Chronic_Delay.xlsx,6,DFW,TPA
FRONTIER,FRONTIER,3175,Sep,DTW-DFW,2119.0,12.0,7.0,58.33,200.67,btscd_09_September_2025_Chronic_Delay_0.xlsx,9,DTW,DFW
FRONTIER,FRONTIER,1157,May,EWR-ATL,1100.0,10.0,7.0,70.0,51.14,btscd_05_May_2025_Chronic_Delay.xlsx,5,EWR,ATL
FRONTIER,FRONTIER,1157,Dec,EWR-ATL,2230.0,31.0,20.0,64.52,147.24,btscd_Table_8_Chronic_Delay_December_2025_0.xlsx,12,EWR,ATL
FRONTIER,FRONTIER,4601,Apr,EWR-ATL,2200.0,30.0,18.0,60.0,117.73,btscd_04_Apr_2025_Chronic_Delay.xlsx,4,EWR,ATL
FRONTIER,FRONTIER,4601,May,EWR-ATL,2200.0,21.0,17.0,80.95,140.13,btscd_05_May_2025_Chronic_Delay.xlsx,5,EWR,ATL
FRONTIER,FRONTIER,1413,Oct,EWR-MDW,2200.0,11.0,7.0,63.64,95.5,btscd_Table_8_Chronic_Delay_October_2025.xlsx,10,EWR,MDW
FRONTIER,FRONTIER,1413,Dec,EWR-MDW,1130.0,13.0,7.0,53.85,124.14,btscd_Table_8_Chronic_Delay_December_2025_0.xlsx,12,EWR,MDW
FRONTIER,FRONTIER,3573,Jan,EWR-SJU,1301.0,31.0,19.0,61.29,87.11,btscd_01_Jan_2025_Chronic_Delay.xlsx,1,EWR,SJU
FRONTIER,FRONTIER,3573,Apr,EWR-SJU,1125.0,30.0,16.0,53.33,153.92,btscd_04_Apr_2025_Chronic_Delay.xlsx,4,EWR,SJU
FRONTIER,FRONTIER,2171,Jun,FLL-ATL,1932.0,16.0,14.0,87.5,86.54,btscd_06_June_2025_Chronic_Delay.xlsx,6,FLL,ATL
FRONTIER,FRONTIER,2171,Jul,FLL-ATL,1933.0,17.0,9.0,52.94,134.38,btscd_07_July_2025_Chronic_Delay.xlsx,7,FLL,ATL
FRONTIER,FRONTIER,2171,Aug,FLL-ATL,1933.0,11.0,6.0,54.55,70.8,btscd_08_August_2025_Chronic_Delay_0.xlsx,8,FLL,ATL
FRONTIER,FRONTIER,3013,Dec,FLL-ATL,1310.0,14.0,9.0,64.29,166.88,btscd_Table_8_Chronic_Delay_December_2025_0.xlsx,12,FLL,ATL
FRONTIER,FRONTIER,1081,May,IAD-ATL,1643.0,11.0,6.0,54.55,77.83,btscd_05_May_2025_Chronic_Delay.xlsx,5,IAD,ATL
FRONTIER,FRONTIER,1081,Jun,IAD-ATL,1624.0,20.0,13.0,65.0,127.15,btscd_06_June_2025_Chronic_Delay.xlsx,6,IAD,ATL
FRONTIER,FRONTIER,4707,Apr,IAD-ATL,1519.0,11.0,7.0,63.64,75.0,btscd_04_Apr_2025_Chronic_Delay.xlsx,4,IAD,ATL
FRONTIER,FRONTIER,4707,Nov,IAD-ATL,558.0,13.0,7.0,53.85,265.43,btscd_Table_8_Chronic_Delay_November_2025.xlsx,11,IAD,ATL
FRONTIER,FRONTIER,4811,May,IAD-MCO,1726.0,12.0,7.0,58.33,115.14,btscd_05_May_2025_Chronic_Delay.xlsx,5,IAD,MCO
FRONTIER,FRONTIER,2906,Jun,IAD-SJU,1223.0,11.0,7.0,63.64,147.0,btscd_06_June_2025_Chronic_Delay.xlsx,6,IAD,SJU
FRONTIER,FRONTIER,2906,Jul,IAD-SJU,1231.0,14.0,10.0,71.43,357.78,btscd_07_July_2025_Chronic_Delay.xlsx,7,IAD,SJU
FRONTIER,FRONTIER,2953,Jun,IAD-TPA,1807.0,21.0,15.0,71.43,85.42,btscd_06_June_2025_Chronic_Delay.xlsx,6,IAD,TPA
FRONTIER,FRONTIER,2953,Jul,IAD-TPA,1807.0,21.0,15.0,71.43,105.0,btscd_07_July_2025_Chronic_Delay.xlsx,7,IAD,TPA
FRONTIER,FRONTIER,2400,May,IAH-ATL,1231.0,10.0,7.0,70.0,500.71,btscd_05_May_2025_Chronic_Delay.xlsx,5,IAH,ATL
FRONTIER,FRONTIER,2400,May,IAH-ATL,1639.0,10.0,6.0,60.0,97.17,btscd_05_May_2025_Chronic_Delay.xlsx,5,IAH,ATL
FRONTIER,FRONTIER,2400,Jun,IAH-ATL,1641.0,19.0,16.0,84.21,103.38,btscd_06_June_2025_Chronic_Delay.xlsx,6,IAH,ATL
FRONTIER,FRONTIER,2400,Jul,IAH-ATL,1642.0,22.0,15.0,68.18,99.53,btscd_07_July_2025_Chronic_Delay.xlsx,7,IAH,ATL
FRONTIER,FRONTIER,4978,Jun,IAH-MCO,2056.0,30.0,19.0,63.33,92.53,btscd_06_June_2025_Chronic_Delay.xlsx,6,IAH,MCO
FRONTIER,FRONTIER,3136,Jul,IAH-ORD,1005.0,17.0,9.0,52.94,73.11,btscd_07_July_2025_Chronic_Delay.xlsx,7,IAH,ORD
FRONTIER,FRONTIER,3136,Aug,IAH-ORD,1005.0,11.0,6.0,54.55,124.2,btscd_08_August_2025_Chronic_Delay_0.xlsx,8,IAH,ORD
FRONTIER,FRONTIER,4181,Jun,IAH-PHX,1307.0,12.0,9.0,75.0,113.29,btscd_06_June_2025_Chronic_Delay.xlsx,6,IAH,PHX
FRONTIER,FRONTIER,2562,Jun,IAH-TPA,2115.0,21.0,13.0,61.9,378.2,btscd_06_June_2025_Chronic_Delay.xlsx,6,IAH,TPA
FRONTIER,FRONTIER,1997,Dec,ISP-FLL,1640.0,14.0,8.0,57.14,70.0,btscd_Table_8_Chronic_Delay_December_2025_0.xlsx,12,ISP,FLL
FRONTIER,FRONTIER,1237,Jul,ISP-MCO,2037.0,19.0,12.0,63.16,144.58,btscd_07_July_2025_Chronic_Delay.xlsx,7,ISP,MCO
FRONTIER,FRONTIER,1237,Aug,ISP-MCO,2037.0,11.0,8.0,72.73,140.71,btscd_08_August_2025_Chronic_Delay_0.xlsx,8,ISP,MCO
FRONTIER,FRONTIER,3355,Jun,ISP-TPA,1405.0,17.0,9.0,52.94,163.71,btscd_06_June_2025_Chronic_Delay.xlsx,6,ISP,TPA
FRONTIER,FRONTIER,4022,Jun,JAX-PHL,1626.0,12.0,7.0,58.33,106.17,btscd_06_June_2025_Chronic_Delay.xlsx,6,JAX,PHL
FRONTIER,FRONTIER,3540,Jun,LAS-DEN,1546.0,17.0,10.0,58.82,93.11,btscd_06_June_2025_Chronic_Delay.xlsx,6,LAS,DEN
FRONTIER,FRONTIER,1728,May,LAS-MCO,1525.0,10.0,8.0,80.0,93.0,btscd_05_May_2025_Chronic_Delay.xlsx,5,LAS,MCO
FRONTIER,FRONTIER,2146,Apr,LAS-ORD,2315.0,17.0,9.0,52.94,73.13,btscd_04_Apr_2025_Chronic_Delay.xlsx,4,LAS,ORD
FRONTIER,FRONTIER,1325,Jun,LAS-SAN,1656.0,21.0,11.0,52.38,172.1,btscd_06_June_2025_Chronic_Delay.xlsx,6,LAS,SAN
FRONTIER,FRONTIER,1469,Jul,LAS-SAN,1043.0,15.0,8.0,53.33,57.17,btscd_07_July_2025_Chronic_Delay.xlsx,7,LAS,SAN
FRONTIER,FRONTIER,1469,Dec,LAS-SAN,1053.0,18.0,10.0,55.56,98.0,btscd_Table_8_Chronic_Delay_December_2025_0.xlsx,12,LAS,SAN
FRONTIER,FRONTIER,3801,Dec,LAS-SFO,1045.0,14.0,8.0,57.14,98.88,btscd_Table_8_Chronic_Delay_December_2025_0.xlsx,12,LAS,SFO
FRONTIER,FRONTIER,4401,Dec,LAS-SFO,1943.0,19.0,11.0,57.89,138.0,btscd_Table_8_Chronic_Delay_December_2025_0.xlsx,12,LAS,SFO
FRONTIER,FRONTIER,3216,May,LAX-ATL,2235.0,21.0,12.0,57.14,80.0,btscd_05_May_2025_Chronic_Delay.xlsx,5,LAX,ATL
FRONTIER,FRONTIER,3216,Jun,LAX-ATL,2128.0,23.0,14.0,60.87,92.3,btscd_06_June_2025_Chronic_Delay.xlsx,6,LAX,ATL
FRONTIER,FRONTIER,3216,Jul,LAX-ATL,2128.0,23.0,13.0,56.52,98.23,btscd_07_July_2025_Chronic_Delay.xlsx,7,LAX,ATL
FRONTIER,FRONTIER,4316,Jun,LAX-ATL,1306.0,20.0,15.0,75.0,121.0,btscd_06_June_2025_Chronic_Delay.xlsx,6,LAX,ATL
FRONTIER,FRONTIER,4316,Jul,LAX-ATL,1302.0,17.0,10.0,58.82,67.7,btscd_07_July_2025_Chronic_Delay.xlsx,7,LAX,ATL
FRONTIER,FRONTIER,4964,May,LAX-DFW,1905.0,10.0,6.0,60.0,214.33,btscd_05_May_2025_Chronic_Delay.xlsx,5,LAX,DFW
FRONTIER,FRONTIER,1756,Jun,LAX-IAH,1423.0,30.0,20.0,66.67,84.8,btscd_06_June_2025_Chronic_Delay.xlsx,6,LAX,IAH
FRONTIER,FRONTIER,4146,Dec,LAX-MCO,2359.0,14.0,8.0,57.14,215.0,btscd_Table_8_Chronic_Delay_December_2025_0.xlsx,12,LAX,MCO
FRONTIER,FRONTIER,3588,May,LAX-PHL,2224.0,10.0,7.0,70.0,82.83,btscd_05_May_2025_Chronic_Delay.xlsx,5,LAX,PHL
FRONTIER,FRONTIER,3588,Jun,LAX-PHL,2235.0,21.0,18.0,85.71,117.94,btscd_06_June_2025_Chronic_Delay.xlsx,6,LAX,PHL
FRONTIER,FRONTIER,3588,Jul,LAX-PHL,2232.0,22.0,15.0,68.18,135.5,btscd_07_July_2025_Chronic_Delay.xlsx,7,LAX,PHL
FRONTIER,FRONTIER,2857,Nov,LAX-SFO,1829.0,18.0,12.0,66.67,93.17,btscd_Table_8_Chronic_Delay_November_2025.xlsx,11,LAX,SFO
FRONTIER,FRONTIER,3287,Jun,LGA-ATL,630.0,30.0,16.0,53.33,154.0,btscd_06_June_2025_Chronic_Delay.xlsx,6,LGA,ATL
FRONTIER,FRONTIER,3133,Nov,LGA-CLT,1630.0,17.0,10.0,58.82,117.89,btscd_Table_8_Chronic_Delay_November_2025.xlsx,11,LGA,CLT
FRONTIER,FRONTIER,3313,Jun,LGA-RDU,1700.0,30.0,16.0,53.33,209.0,btscd_06_June_2025_Chronic_Delay.xlsx,6,LGA,RDU
FRONTIER,FRONTIER,3313,Dec,LGA-RDU,1730.0,30.0,18.0,60.0,104.88,btscd_Table_8_Chronic_Delay_December_2025_0.xlsx,12,LGA,RDU
FRONTIER,FRONTIER,3375,Jun,MCI-DEN,1951.0,11.0,6.0,54.55,87.33,btscd_06_June_2025_Chronic_Delay.xlsx,6,MCI,DEN
FRONTIER,FRONTIER,4025,May,MCO-ATL,1925.0,12.0,7.0,58.33,111.43,btscd_05_May_2025_Chronic_Delay.xlsx,5,MCO,ATL
FRONTIER,FRONTIER,4025,Jun,MCO-ATL,2140.0,26.0,18.0,69.23,126.73,btscd_06_June_2025_Chronic_Delay.xlsx,6,MCO,ATL
FRONTIER,FRONTIER,4025,Aug,MCO-ATL,2140.0,17.0,12.0,70.59,86.08,btscd_08_August_2025_Chronic_Delay_0.xlsx,8,MCO,ATL
FRONTIER,FRONTIER,4555,May,MCO-ATL,2215.0,13.0,7.0,53.85,104.29,btscd_05_May_2025_Chronic_Delay.xlsx,5,MCO,ATL
FRONTIER,FRONTIER,2251,Dec,MCO-CLE,2109.0,15.0,9.0,60.0,127.0,btscd_Table_8_Chronic_Delay_December_2025_0.xlsx,12,MCO,CLE
FRONTIER,FRONTIER,4541,Dec,MCO-CLE,2010.0,16.0,9.0,56.25,124.67,btscd_Table_8_Chronic_Delay_December_2025_0.xlsx,12,MCO,CLE
FRONTIER,FRONTIER,1749,Jul,MCO-CVG,1534.0,12.0,9.0,75.0,113.44,btscd_07_July_2025_Chronic_Delay.xlsx,7,MCO,CVG
FRONTIER,FRONTIER,2547,Jul,MCO-CVG,2257.0,17.0,10.0,58.82,109.2,btscd_07_July_2025_Chronic_Delay.xlsx,7,MCO,CVG
FRONTIER,FRONTIER,4532,Aug,MCO-ISP,1655.0,11.0,8.0,72.73,142.57,btscd_08_August_2025_Chronic_Delay_0.xlsx,8,MCO,ISP
FRONTIER,FRONTIER,1727,Aug,MCO-LAS,1925.0,13.0,7.0,53.85,71.29,btscd_08_August_2025_Chronic_Delay_0.xlsx,8,MCO,LAS
FRONTIER,FRONTIER,1808,Oct,MCO-PHL,2242.0,17.0,10.0,58.82,132.67,btscd_Table_8_Chronic_Delay_October_2025.xlsx,10,MCO,PHL
FRONTIER,FRONTIER,4170,May,MCO-PHL,1852.0,18.0,10.0,55.56,89.6,btscd_05_May_2025_Chronic_Delay.xlsx,5,MCO,PHL
FRONTIER,FRONTIER,4170,Jun,MCO-PHL,1852.0,17.0,11.0,64.71,101.0,btscd_06_June_2025_Chronic_Delay.xlsx,6,MCO,PHL
FRONTIER,FRONTIER,4170,Jul,MCO-PHL,1852.0,17.0,11.0,64.71,124.57,btscd_07_July_2025_Chronic_Delay.xlsx,7,MCO,PHL
FRONTIER,FRONTIER,1824,Dec,MCO-SJU,1200.0,20.0,11.0,55.0,97.18,btscd_Table_8_Chronic_Delay_December_2025_0.xlsx,12,MCO,SJU
FRONTIER,FRONTIER,1414,Oct,MDW-EWR,1756.0,11.0,9.0,81.82,97.25,btscd_Table_8_Chronic_Delay_October_2025.xlsx,10,MDW,EWR
FRONTIER,FRONTIER,3059,Nov,MIA-ATL,1835.0,14.0,8.0,57.14,99.13,btscd_Table_8_Chronic_Delay_November_2025.xlsx,11,MIA,ATL
FRONTIER,FRONTIER,2940,Aug,MIA-BWI,1554.0,11.0,6.0,54.55,141.67,btscd_08_August_2025_Chronic_Delay_0.xlsx,8,MIA,BWI
FRONTIER,FRONTIER,1810,Dec,MIA-JFK,2140.0,15.0,8.0,53.33,107.8,btscd_Table_8_Chronic_Delay_December_2025_0.xlsx,12,MIA,JFK
FRONTIER,FRONTIER,1204,Jun,MIA-PHL,2142.0,18.0,10.0,55.56,79.4,btscd_06_June_2025_Chronic_Delay.xlsx,6,MIA,PHL
FRONTIER,FRONTIER,4061,Jul,MSN-DEN,1918.0,14.0,8.0,57.14,222.88,btscd_07_July_2025_Chronic_Delay.xlsx,7,MSN,DEN
FRONTIER,FRONTIER,1682,Jun,MYR-ISP,2105.0,16.0,11.0,68.75,180.7,btscd_06_June_2025_Chronic_Delay.xlsx,6,MYR,ISP
FRONTIER,FRONTIER,1682,Jul,MYR-ISP,2113.0,17.0,12.0,70.59,211.89,btscd_07_July_2025_Chronic_Delay.xlsx,7,MYR,ISP
FRONTIER,FRONTIER,1863,Jul,OKC-DEN,1800.0,17.0,9.0,52.94,83.75,btscd_07_July_2025_Chronic_Delay.xlsx,7,OKC,DEN
FRONTIER,FRONTIER,1127,Jul,OMA-DEN,1951.0,18.0,10.0,55.56,74.7,btscd_07_July_2025_Chronic_Delay.xlsx,7,OMA,DEN
FRONTIER,FRONTIER,2908,Jun,ONT-DEN,1721.0,28.0,16.0,57.14,85.13,btscd_06_June_2025_Chronic_Delay.xlsx,6,ONT,DEN
FRONTIER,FRONTIER,4758,Jun,ONT-LAS,1936.0,11.0,6.0,54.55,87.17,btscd_06_June_2025_Chronic_Delay.xlsx,6,ONT,LAS
FRONTIER,FRONTIER,4758,Sep,ONT-LAS,1919.0,13.0,7.0,53.85,67.71,btscd_09_September_2025_Chronic_Delay_0.xlsx,9,ONT,LAS
FRONTIER,FRONTIER,1442,Jun,ORD-ATL,1816.0,22.0,13.0,59.09,90.33,btscd_06_June_2025_Chronic_Delay.xlsx,6,ORD,ATL
FRONTIER,FRONTIER,1442,Jul,ORD-ATL,1816.0,16.0,10.0,62.5,94.3,btscd_07_July_2025_Chronic_Delay.xlsx,7,ORD,ATL
FRONTIER,FRONTIER,1341,Oct,ORD-DFW,1905.0,11.0,6.0,54.55,96.5,btscd_Table_8_Chronic_Delay_October_2025.xlsx,10,ORD,DFW
FRONTIER,FRONTIER,3241,Jan,ORD-DFW,1601.0,13.0,7.0,53.85,88.8,btscd_01_Jan_2025_Chronic_Delay.xlsx,1,ORD,DFW
FRONTIER,FRONTIER,1855,Jul,ORD-SAN,1339.0,31.0,17.0,54.84,101.82,btscd_07_July_2025_Chronic_Delay.xlsx,7,ORD,SAN
FRONTIER,FRONTIER,2448,Jun,PBI-ISP,2157.0,11.0,8.0,72.73,199.75,btscd_06_June_2025_Chronic_Delay.xlsx,6,PBI,ISP
FRONTIER,FRONTIER,2500,Jul,PBI-PHL,1539.0,12.0,7.0,58.33,195.0,btscd_07_July_2025_Chronic_Delay.xlsx,7,PBI,PHL
FRONTIER,FRONTIER,1003,Dec,PHL-ATL,2041.0,11.0,7.0,63.64,124.29,btscd_Table_8_Chronic_Delay_December_2025_0.xlsx,12,PHL,ATL
FRONTIER,FRONTIER,1101,Jun,PHL-ATL,1854.0,25.0,18.0,72.0,129.69,btscd_06_June_2025_Chronic_Delay.xlsx,6,PHL,ATL
FRONTIER,FRONTIER,1101,Jul,PHL-ATL,1845.0,30.0,21.0,70.0,137.16,btscd_07_July_2025_Chronic_Delay.xlsx,7,PHL,ATL
FRONTIER,FRONTIER,1101,Nov,PHL-ATL,1835.0,25.0,14.0,56.0,74.33,btscd_Table_8_Chronic_Delay_November_2025.xlsx,11,PHL,ATL
FRONTIER,FRONTIER,3985,May,PHL-DFW,1610.0,12.0,8.0,66.67,71.13,btscd_05_May_2025_Chronic_Delay.xlsx,5,PHL,DFW
FRONTIER,FRONTIER,1601,Dec,PHL-LAS,710.0,14.0,9.0,64.29,90.0,btscd_Table_8_Chronic_Delay_December_2025_0.xlsx,12,PHL,LAS
FRONTIER,FRONTIER,2505,Jun,PHL-MCO,1650.0,21.0,11.0,52.38,133.8,btscd_06_June_2025_Chronic_Delay.xlsx,6,PHL,MCO
FRONTIER,FRONTIER,2507,Oct,PHL-MCO,1858.0,19.0,10.0,52.63,92.56,btscd_Table_8_Chronic_Delay_October_2025.xlsx,10,PHL,MCO
FRONTIER,FRONTIER,4169,May,PHL-MCO,2229.0,18.0,10.0,55.56,100.2,btscd_05_May_2025_Chronic_Delay.xlsx,5,PHL,MCO
FRONTIER,FRONTIER,4169,Jun,PHL-MCO,2229.0,18.0,10.0,55.56,106.11,btscd_06_June_2025_Chronic_Delay.xlsx,6,PHL,MCO
FRONTIER,FRONTIER,4169,Jul,PHL-MCO,2229.0,17.0,10.0,58.82,88.0,btscd_07_July_2025_Chronic_Delay.xlsx,7,PHL,MCO
FRONTIER,FRONTIER,1203,Jun,PHL-MIA,1736.0,18.0,11.0,61.11,78.0,btscd_06_June_2025_Chronic_Delay.xlsx,6,PHL,MIA
FRONTIER,FRONTIER,1203,Jul,PHL-MIA,1736.0,17.0,10.0,58.82,82.5,btscd_07_July_2025_Chronic_Delay.xlsx,7,PHL,MIA
FRONTIER,FRONTIER,3271,Jun,PHL-MYR,1835.0,16.0,10.0,62.5,193.56,btscd_06_June_2025_Chronic_Delay.xlsx,6,PHL,MYR
FRONTIER,FRONTIER,3271,Jul,PHL-MYR,1837.0,17.0,12.0,70.59,98.33,btscd_07_July_2025_Chronic_Delay.xlsx,7,PHL,MYR
FRONTIER,FRONTIER,2581,Jun,PHL-PBI,1810.0,11.0,8.0,72.73,136.0,btscd_06_June_2025_Chronic_Delay.xlsx,6,PHL,PBI
FRONTIER,FRONTIER,2581,Dec,PHL-PBI,845.0,15.0,9.0,60.0,67.25,btscd_Table_8_Chronic_Delay_December_2025_0.xlsx,12,PHL,PBI
FRONTIER,FRONTIER,1166,Jan,PHL-SJU,1556.0,11.0,6.0,54.55,113.33,btscd_01_Jan_2025_Chronic_Delay.xlsx,1,PHL,SJU
FRONTIER,FRONTIER,1726,May,PHL-SJU,1107.0,12.0,7.0,58.33,166.0,btscd_05_May_2025_Chronic_Delay.xlsx,5,PHL,SJU
FRONTIER,FRONTIER,4462,Jul,PHL-SJU,2005.0,31.0,16.0,51.61,164.91,btscd_07_July_2025_Chronic_Delay.xlsx,7,PHL,SJU
FRONTIER,FRONTIER,2339,Jan,PHL-TPA,1749.0,16.0,9.0,56.25,83.75,btscd_01_Jan_2025_Chronic_Delay.xlsx,1,PHL,TPA
FRONTIER,FRONTIER,2339,May,PHL-TPA,1846.0,15.0,9.0,60.0,70.44,btscd_05_May_2025_Chronic_Delay.xlsx,5,PHL,TPA
FRONTIER,FRONTIER,2339,Jul,PHL-TPA,1920.0,10.0,6.0,60.0,183.5,btscd_07_July_2025_Chronic_Delay.xlsx,7,PHL,TPA
FRONTIER,FRONTIER,2339,Jul,PHL-TPA,1555.0,11.0,6.0,54.55,74.83,btscd_07_July_2025_Chronic_Delay.xlsx,7,PHL,TPA
FRONTIER,FRONTIER,2339,Dec,PHL-TPA,1735.0,16.0,9.0,56.25,119.5,btscd_Table_8_Chronic_Delay_December_2025_0.xlsx,12,PHL,TPA
FRONTIER,FRONTIER,3660,Jun,PHX-AUS,1448.0,11.0,8.0,72.73,72.5,btscd_06_June_2025_Chronic_Delay.xlsx,6,PHX,AUS
FRONTIER,FRONTIER,1472,Dec,PHX-CLE,1819.0,12.0,7.0,58.33,82.83,btscd_Table_8_Chronic_Delay_December_2025_0.xlsx,12,PHX,CLE
FRONTIER,FRONTIER,4113,Nov,PHX-LAS,2200.0,10.0,7.0,70.0,95.0,btscd_Table_8_Chronic_Delay_November_2025.xlsx,11,PHX,LAS
FRONTIER,FRONTIER,2083,Jun,PHX-SAN,1546.0,15.0,8.0,53.33,54.14,btscd_06_June_2025_Chronic_Delay.xlsx,6,PHX,SAN
FRONTIER,FRONTIER,1792,Jun,PIT-PHL,1549.0,18.0,11.0,61.11,112.63,btscd_06_June_2025_Chronic_Delay.xlsx,6,PIT,PHL
FRONTIER,FRONTIER,1792,Dec,PIT-PHL,1510.0,10.0,6.0,60.0,117.2,btscd_Table_8_Chronic_Delay_December_2025_0.xlsx,12,PIT,PHL
FRONTIER,FRONTIER,2443,Jul,PNS-DEN,1629.0,12.0,8.0,66.67,191.71,btscd_07_July_2025_Chronic_Delay.xlsx,7,PNS,DEN
FRONTIER,FRONTIER,2443,Aug,PNS-DEN,1629.0,14.0,11.0,78.57,79.09,btscd_08_August_2025_Chronic_Delay_0.xlsx,8,PNS,DEN
FRONTIER,FRONTIER,4797,Jun,RDU-ATL,1715.0,19.0,10.0,52.63,79.11,btscd_06_June_2025_Chronic_Delay.xlsx,6,RDU,ATL
FRONTIER,FRONTIER,4797,Aug,RDU-ATL,1707.0,12.0,7.0,58.33,239.67,btscd_08_August_2025_Chronic_Delay_0.xlsx,8,RDU,ATL
FRONTIER,FRONTIER,2225,Jun,RDU-DEN,1718.0,24.0,13.0,54.17,76.85,btscd_06_June_2025_Chronic_Delay.xlsx,6,RDU,DEN
FRONTIER,FRONTIER,3314,Nov,RDU-LGA,1454.0,19.0,10.0,52.63,92.56,btscd_Table_8_Chronic_Delay_November_2025.xlsx,11,RDU,LGA
FRONTIER,FRONTIER,1233,Dec,RDU-MCO,2014.0,30.0,18.0,60.0,137.47,btscd_Table_8_Chronic_Delay_December_2025_0.xlsx,12,RDU,MCO
FRONTIER,FRONTIER,2060,May,RDU-PHL,1550.0,21.0,12.0,57.14,218.58,btscd_05_May_2025_Chronic_Delay.xlsx,5,RDU,PHL
FRONTIER,FRONTIER,3893,Dec,RSW-DTW,1346.0,10.0,6.0,60.0,145.83,btscd_Table_8_Chronic_Delay_December_2025_0.xlsx,12,RSW,DTW
FRONTIER,FRONTIER,1326,Jun,SAN-LAS,1916.0,21.0,11.0,52.38,264.3,btscd_06_June_2025_Chronic_Delay.xlsx,6,SAN,LAS
FRONTIER,FRONTIER,1466,May,SAN-LAS,1251.0,10.0,8.0,80.0,74.75,btscd_05_May_2025_Chronic_Delay.xlsx,5,SAN,LAS
FRONTIER,FRONTIER,1466,Jul,SAN-LAS,1259.0,15.0,10.0,66.67,55.86,btscd_07_July_2025_Chronic_Delay.xlsx,7,SAN,LAS
FRONTIER,FRONTIER,1466,Aug,SAN-LAS,1259.0,13.0,8.0,61.54,104.14,btscd_08_August_2025_Chronic_Delay_0.xlsx,8,SAN,LAS
FRONTIER,FRONTIER,1470,Nov,SAN-LAS,1549.0,11.0,6.0,54.55,68.5,btscd_Table_8_Chronic_Delay_November_2025.xlsx,11,SAN,LAS
FRONTIER,FRONTIER,1470,Dec,SAN-LAS,1306.0,12.0,7.0,58.33,104.14,btscd_Table_8_Chronic_Delay_December_2025_0.xlsx,12,SAN,LAS
FRONTIER,FRONTIER,1856,Jun,SAN-ORD,1653.0,19.0,16.0,84.21,223.07,btscd_06_June_2025_Chronic_Delay.xlsx,6,SAN,ORD
FRONTIER,FRONTIER,1856,Jul,SAN-ORD,1644.0,31.0,20.0,64.52,105.5,btscd_07_July_2025_Chronic_Delay.xlsx,7,SAN,ORD
FRONTIER,FRONTIER,1572,Jun,SAN-PHX,2130.0,11.0,7.0,63.64,397.6,btscd_06_June_2025_Chronic_Delay.xlsx,6,SAN,PHX
FRONTIER,FRONTIER,3381,Dec,SAN-SFO,2010.0,20.0,11.0,55.0,161.11,btscd_Table_8_Chronic_Delay_December_2025_0.xlsx,12,SAN,SFO
FRONTIER,FRONTIER,3383,Jun,SAN-SFO,1753.0,15.0,9.0,60.0,65.0,btscd_06_June_2025_Chronic_Delay.xlsx,6,SAN,SFO
FRONTIER,FRONTIER,3383,Jul,SAN-SFO,1753.0,21.0,12.0,57.14,94.9,btscd_07_July_2025_Chronic_Delay.xlsx,7,SAN,SFO
FRONTIER,FRONTIER,4830,Jun,SEA-LAS,1511.0,18.0,10.0,55.56,90.78,btscd_06_June_2025_Chronic_Delay.xlsx,6,SEA,LAS
FRONTIER,FRONTIER,1448,Apr,SFO-ATL,2358.0,30.0,16.0,53.33,159.5,btscd_04_Apr_2025_Chronic_Delay.xlsx,4,SFO,ATL
FRONTIER,FRONTIER,3440,Jun,SFO-DEN,1842.0,10.0,7.0,70.0,77.57,btscd_06_June_2025_Chronic_Delay.xlsx,6,SFO,DEN
FRONTIER,FRONTIER,1850,Jun,SFO-LAS,1859.0,12.0,7.0,58.33,64.8,btscd_06_June_2025_Chronic_Delay.xlsx,6,SFO,LAS
FRONTIER,FRONTIER,4156,Oct,SFO-LAS,2237.0,11.0,6.0,54.55,71.33,btscd_Table_8_Chronic_Delay_October_2025.xlsx,10,SFO,LAS
FRONTIER,FRONTIER,2638,Jun,SFO-PHX,2031.0,21.0,13.0,61.9,82.55,btscd_06_June_2025_Chronic_Delay.xlsx,6,SFO,PHX
FRONTIER,FRONTIER,2638,Jul,SFO-PHX,2031.0,21.0,11.0,52.38,109.56,btscd_07_July_2025_Chronic_Delay.xlsx,7,SFO,PHX
FRONTIER,FRONTIER,2638,Nov,SFO-PHX,2055.0,18.0,12.0,66.67,126.58,btscd_Table_8_Chronic_Delay_November_2025.xlsx,11,SFO,PHX
FRONTIER,FRONTIER,2871,Jun,SJU-ATL,1515.0,20.0,11.0,55.0,118.7,btscd_06_June_2025_Chronic_Delay.xlsx,6,SJU,ATL
FRONTIER,FRONTIER,2871,Aug,SJU-ATL,1508.0,23.0,12.0,52.17,131.64,btscd_08_August_2025_Chronic_Delay_0.xlsx,8,SJU,ATL
FRONTIER,FRONTIER,2905,Dec,SJU-IAD,1607.0,11.0,6.0,54.55,80.17,btscd_Table_8_Chronic_Delay_December_2025_0.xlsx,12,SJU,IAD
FRONTIER,FRONTIER,3377,Jan,SJU-MIA,1912.0,13.0,7.0,53.85,80.57,btscd_01_Jan_2025_Chronic_Delay.xlsx,1,SJU,MIA
FRONTIER,FRONTIER,1015,Jul,SJU-PHL,59.0,31.0,19.0,61.29,191.29,btscd_07_July_2025_Chronic_Delay.xlsx,7,SJU,PHL
FRONTIER,FRONTIER,1015,Aug,SJU-PHL,59.0,27.0,17.0,62.96,90.86,btscd_08_August_2025_Chronic_Delay_0.xlsx,8,SJU,PHL
FRONTIER,FRONTIER,1165,Jul,SJU-PHL,1059.0,17.0,10.0,58.82,110.9,btscd_07_July_2025_Chronic_Delay.xlsx,7,SJU,PHL
FRONTIER,FRONTIER,1165,Aug,SJU-PHL,1259.0,11.0,6.0,54.55,89.5,btscd_08_August_2025_Chronic_Delay_0.xlsx,8,SJU,PHL
FRONTIER,FRONTIER,4461,Jan,SJU-PHL,2145.0,18.0,10.0,55.56,187.14,btscd_01_Jan_2025_Chronic_Delay.xlsx,1,SJU,PHL
FRONTIER,FRONTIER,2215,Jun,SJU-TPA,1743.0,17.0,11.0,64.71,75.27,btscd_06_June_2025_Chronic_Delay.xlsx,6,SJU,TPA
FRONTIER,FRONTIER,2215,Aug,SJU-TPA,1743.0,11.0,9.0,81.82,127.11,btscd_08_August_2025_Chronic_Delay_0.xlsx,8,SJU,TPA
FRONTIER,FRONTIER,3278,Jul,SLC-DFW,1947.0,12.0,7.0,58.33,237.67,btscd_07_July_2025_Chronic_Delay.xlsx,7,SLC,DFW
FRONTIER,FRONTIER,1507,Nov,SLC-LAS,2220.0,10.0,6.0,60.0,213.83,btscd_Table_8_Chronic_Delay_November_2025.xlsx,11,SLC,LAS
FRONTIER,FRONTIER,3015,Oct,SLC-LAS,2013.0,11.0,6.0,54.55,354.83,btscd_Table_8_Chronic_Delay_October_2025.xlsx,10,SLC,LAS
FRONTIER,FRONTIER,2630,Dec,STL-MCO,1627.0,15.0,9.0,60.0,92.25,btscd_Table_8_Chronic_Delay_December_2025_0.xlsx,12,STL,MCO
FRONTIER,FRONTIER,3053,Jun,TPA-ATL,1926.0,20.0,16.0,80.0,117.63,btscd_06_June_2025_Chronic_Delay.xlsx,6,TPA,ATL
FRONTIER,FRONTIER,3781,Apr,TPA-ATL,1940.0,18.0,13.0,72.22,109.18,btscd_04_Apr_2025_Chronic_Delay.xlsx,4,TPA,ATL
FRONTIER,FRONTIER,1216,Jun,TPA-BOS,2124.0,19.0,11.0,57.89,67.78,btscd_06_June_2025_Chronic_Delay.xlsx,6,TPA,BOS
FRONTIER,FRONTIER,1216,Jul,TPA-BOS,2125.0,31.0,16.0,51.61,136.4,btscd_07_July_2025_Chronic_Delay.xlsx,7,TPA,BOS
FRONTIER,FRONTIER,1538,Jun,TPA-BWI,2045.0,11.0,8.0,72.73,206.43,btscd_06_June_2025_Chronic_Delay.xlsx,6,TPA,BWI
FRONTIER,FRONTIER,3408,Jun,TPA-CLT,1828.0,12.0,7.0,58.33,116.2,btscd_06_June_2025_Chronic_Delay.xlsx,6,TPA,CLT
FRONTIER,FRONTIER,2745,Jun,TPA-DEN,2203.0,17.0,11.0,64.71,78.82,btscd_06_June_2025_Chronic_Delay.xlsx,6,TPA,DEN
FRONTIER,FRONTIER,2745,Aug,TPA-DEN,2150.0,11.0,6.0,54.55,110.67,btscd_08_August_2025_Chronic_Delay_0.xlsx,8,TPA,DEN
FRONTIER,FRONTIER,2954,Jul,TPA-IAD,1457.0,21.0,11.0,52.38,88.3,btscd_07_July_2025_Chronic_Delay.xlsx,7,TPA,IAD
FRONTIER,FRONTIER,2561,Jun,TPA-IAH,1820.0,12.0,9.0,75.0,145.43,btscd_06_June_2025_Chronic_Delay.xlsx,6,TPA,IAH
FRONTIER,FRONTIER,1474,Dec,TPA-PHL,2139.0,12.0,8.0,66.67,97.14,btscd_Table_8_Chronic_Delay_December_2025_0.xlsx,12,TPA,PHL
FRONTIER,FRONTIER,2538,Mar,TPA-PHL,1825.0,13.0,8.0,61.54,136.5,btscd_03_Mar_2025_Chronic_Delay.xlsx,3,TPA,PHL
FRONTIER,FRONTIER,2836,Jul,TPA-PHL,1952.0,11.0,10.0,90.91,69.8,btscd_07_July_2025_Chronic_Delay.xlsx,7,TPA,PHL
FRONTIER,FRONTIER,4172,May,TPA-TTN,2115.0,12.0,8.0,66.67,71.14,btscd_05_May_2025_Chronic_Delay.xlsx,5,TPA,TTN
