carrier,city_pair,departure_time,flight_numbers,month,operations,late_arrivals,pct_late,chronic,streak,citable
F9,ATL-AUS,1523,4211,2025-07,21,8,38.1,no,0,no
F9,ATL-AUS,1523,4211,2025-08,21,11,52.4,yes,1,no
F9,ATL-BOS,2201,3512,2025-04,15,8,53.3,yes,1,no
F9,ATL-BWI,0900,2634,2025-12,20,11,55.0,yes,1,no
F9,ATL-BWI,1451,2510 2634,2025-06,28,16,57.1,yes,1,no
F9,ATL-BWI,1451,2634,2025-07,31,21,67.7,yes,2,no
F9,ATL-BWI,1451,2634,2025-08,25,8,32.0,no,0,no
F9,ATL-BWI,2226,2510,2025-06,16,15,93.8,yes,1,no
F9,ATL-BWI,2226,2510,2025-07,27,14,51.9,yes,2,no
F9,ATL-BWI,2226,2510 4712,2025-08,26,11,42.3,no,0,no
F9,ATL-DEN,1954,1449,2025-06,25,19,76.0,yes,2,no
F9,ATL-DEN,1954,1449,2025-07,30,13,43.3,no,0,no
F9,ATL-DEN,1954,1449,2025-08,25,7,28.0,no,0,no
F9,ATL-DEN,1954,3599,2025-12,3,3,100.0,no,0,no
F9,ATL-DEN,2005,1449 3599,2025-05,10,7,70.0,yes,1,no
F9,ATL-DFW,1524,3021,2025-06,25,13,52.0,yes,1,no
F9,ATL-DFW,1524,3021,2025-07,27,15,55.6,yes,2,no
F9,ATL-DFW,1524,3021,2025-08,15,7,46.7,no,0,no
F9,ATL-DFW,2023,3097,2025-06,22,16,72.7,yes,1,no
F9,ATL-DFW,2023,3097,2025-07,21,7,33.3,no,0,no
F9,ATL-DFW,2023,3097,2025-08,18,13,72.2,yes,1,no
F9,ATL-EWR,0743,1158,2025-05,10,6,60.0,yes,1,no
F9,ATL-EWR,1843,4602,2025-05,21,17,81.0,yes,2,no
F9,ATL-EWR,1844,4602,2025-04,30,20,66.7,yes,1,no
F9,ATL-EWR,1908,1158,2025-12,31,18,58.1,yes,1,no
F9,ATL-EWR,2215,4602,2025-06,30,18,60.0,yes,3,no
F9,ATL-EWR,2215,4602,2025-07,31,25,80.6,yes,4,no
F9,ATL-EWR,2215,4602,2025-08,31,14,45.2,no,0,no
F9,ATL-FLL,1009,3014,2025-12,14,9,64.3,yes,1,no
F9,ATL-FLL,1634,4874,2025-06,21,14,66.7,yes,1,no
F9,ATL-FLL,1634,4874,2025-07,27,10,37.0,no,0,no
F9,ATL-FLL,2122,2174,2025-06,20,15,75.0,yes,1,no
F9,ATL-FLL,2130,2174,2025-07,21,14,66.7,yes,2,no
F9,ATL-FLL,2130,2172 2174,2025-08,18,7,38.9,no,0,no
F9,ATL-IAD,1628,1082 4708,2025-12,11,7,63.6,yes,1,no
F9,ATL-IAD,2215,1082 3692,2025-06,24,16,66.7,yes,1,no
F9,ATL-IAD,2223,1082,2025-07,27,18,66.7,yes,2,no
F9,ATL-IAD,2223,1082,2025-08,22,10,45.5,no,0,no
F9,ATL-IAH,1425,1403,2025-06,17,9,52.9,yes,1,no
F9,ATL-IAH,1425,1403,2025-07,22,9,40.9,no,0,no
F9,ATL-IAH,1425,1403,2025-08,13,4,30.8,no,0,no
F9,ATL-IAH,2100,4075,2025-11,20,11,55.0,yes,1,no
F9,ATL-IAH,2130,4075,2025-06,24,20,83.3,yes,1,no
F9,ATL-IAH,2130,4075,2025-07,31,17,54.8,yes,2,no
F9,ATL-IAH,2130,4075 4105,2025-08,27,9,33.3,no,0,no
F9,ATL-JFK,2215,4818,2025-04,9,4,44.4,no,0,no
F9,ATL-JFK,2215,4818,2025-05,31,17,54.8,yes,1,no
F9,ATL-JFK,2215,4818,2025-06,30,20,66.7,yes,2,no
F9,ATL-JFK,2215,4818,2025-07,31,18,58.1,yes,3,no
F9,ATL-JFK,2215,4818,2025-08,31,17,54.8,yes,4,no
F9,ATL-JFK,2240,4818,2025-12,30,17,56.7,yes,1,no
F9,ATL-LAS,1030,4891,2025-06,23,12,52.2,yes,1,no
F9,ATL-LAS,1030,4891,2025-07,31,11,35.5,no,0,no
F9,ATL-LAS,1030,4891,2025-08,18,6,33.3,no,0,no
F9,ATL-LAS,1922,3923,2025-06,12,9,75.0,yes,1,no
F9,ATL-LAS,1922,3923,2025-07,17,8,47.1,no,0,no
F9,ATL-LAS,1922,3923,2025-08,16,6,37.5,no,0,no
F9,ATL-LAX,1035,4315,2025-06,16,10,62.5,yes,1,no
F9,ATL-LAX,1035,4315,2025-12,17,2,11.8,no,0,no
F9,ATL-LAX,1959,3215,2025-06,28,21,75.0,yes,1,no
F9,ATL-LGA,1414,3454,2025-12,31,16,51.6,yes,1,no
F9,ATL-LGA,2043,3288,2025-05,20,14,70.0,yes,1,no
F9,ATL-LGA,2048,3288,2025-12,31,22,71.0,yes,1,no
F9,ATL-LGA,2100,3288,2025-06,26,16,61.5,yes,2,no
F9,ATL-LGA,2100,3288,2025-07,31,23,74.2,yes,3,no
F9,ATL-LGA,2100,3288,2025-08,27,10,37.0,no,0,no
F9,ATL-LGA,2100,3288,2025-11,30,10,33.3,no,0,no
F9,ATL-MCO,0645,4556,2025-06,13,7,53.8,yes,1,no
F9,ATL-MCO,1538,3976,2025-07,12,8,66.7,yes,2,no
F9,ATL-MCO,1538,3976,2025-08,9,7,77.8,no,0,no
F9,ATL-MCO,1542,1564 3976,2025-06,11,9,81.8,yes,1,no
F9,ATL-MCO,1832,3508 3976,2025-06,15,11,73.3,yes,1,no
F9,ATL-MCO,1832,3508,2025-07,20,11,55.0,yes,2,no
F9,ATL-MCO,1832,3508,2025-08,14,9,64.3,yes,3,no
F9,ATL-MCO,1902,1564,2025-05,13,7,53.8,yes,1,no
F9,ATL-MCO,1903,3508,2025-07,10,6,60.0,yes,2,no
F9,ATL-MCO,1903,3508,2025-08,4,1,25.0,no,0,no
F9,ATL-MCO,1904,3508,2025-06,11,6,54.5,yes,1,no
F9,ATL-MDW,2100,2779,2025-11,14,8,57.1,yes,1,no
F9,ATL-MDW,2112,2779,2025-05,10,6,60.0,yes,1,no
F9,ATL-MDW,2215,2779,2025-06,16,13,81.2,yes,2,no
F9,ATL-MDW,2215,2779,2025-07,17,11,64.7,yes,3,no
F9,ATL-MDW,2215,2779,2025-08,20,10,50.0,no,0,no
F9,ATL-MIA,2140,3442,2025-11,11,6,54.5,yes,1,no
F9,ATL-MIA,2140,3442,2025-12,1,1,100.0,no,0,no
F9,ATL-ORD,1512,1595,2025-02,12,7,58.3,yes,1,no
F9,ATL-ORD,1512,1595,2025-03,16,5,31.2,no,0,no
F9,ATL-ORD,1705,1441 1595 3397,2025-12,19,10,52.6,yes,1,no
F9,ATL-ORD,2110,3397,2025-12,23,12,52.2,yes,2,no
F9,ATL-ORD,2257,2197 3397,2025-11,21,11,52.4,yes,1,no
F9,ATL-ORD,2257,3397,2025-12,1,1,100.0,no,0,no
F9,ATL-ORD,2258,3397,2025-05,8,0,0.0,no,0,no
F9,ATL-ORD,2258,1595 3397,2025-06,21,15,71.4,yes,1,no
F9,ATL-ORD,2258,3397,2025-07,17,10,58.8,yes,2,no
F9,ATL-ORD,2258,3397,2025-08,18,6,33.3,no,0,no
F9,ATL-ORD,2258,3397,2025-09,16,3,18.8,no,0,no
F9,ATL-PHL,1525,2298,2025-07,27,20,74.1,yes,3,no
F9,ATL-PHL,1525,2298,2025-08,15,7,46.7,no,0,no
F9,ATL-PHL,1535,1102 2298 3210,2025-03,10,1,10.0,no,0,no
F9,ATL-PHL,1535,2298,2025-06,23,16,69.6,yes,2,no
F9,ATL-PHL,1647,1102,2025-03,1,1,100.0,no,0,no
F9,ATL-PHL,1647,2298,2025-05,10,7,70.0,yes,1,no
F9,ATL-PHL,2021,1102,2025-01,10,6,60.0,yes,1,no
F9,ATL-PHL,2021,1102,2025-02,5,1,20.0,no,0,no
F9,ATL-PHL,2224,2552,2025-06,19,15,78.9,yes,1,no
F9,ATL-PHL,2224,2552,2025-07,20,15,75.0,yes,2,no
F9,ATL-PHL,2224,2552,2025-08,20,9,45.0,no,0,no
F9,ATL-PHL,2225,1102 2552,2025-11,24,16,66.7,yes,1,no
F9,ATL-RDU,2112,1168,2025-05,14,8,57.1,yes,2,no
F9,ATL-RDU,2232,1670,2025-02,15,8,53.3,yes,1,no
F9,ATL-RDU,2232,1168,2025-04,11,9,81.8,yes,1,no
F9,ATL-RDU,2244,1670,2025-12,30,17,56.7,yes,1,no
F9,ATL-SJU,1025,2082,2025-07,21,7,33.3,no,0,no
F9,ATL-SJU,1025,2082,2025-08,23,14,60.9,yes,1,no
F9,ATL-SJU,1030,2082,2025-06,20,13,65.0,yes,1,no
F9,ATL-SJU,1030,2082,2025-10,21,5,23.8,no,0,no
F9,ATL-SJU,1117,2082,2025-03,13,7,53.8,yes,1,no
F9,ATL-TPA,1625,2912,2025-06,20,13,65.0,yes,1,no
F9,ATL-TPA,1625,2912,2025-07,21,7,33.3,no,0,no
F9,ATL-TPA,1625,2912,2025-08,14,5,35.7,no,0,no
F9,ATL-TPA,1945,3054 3782,2025-05,21,13,61.9,yes,1,no
F9,ATL-TPA,2020,3054 3782,2025-06,11,7,63.6,yes,1,no
F9,ATL-TPA,2020,3054,2025-07,9,3,33.3,no,0,no
F9,ATL-TPA,2020,3054,2025-08,5,2,40.0,no,0,no
F9,ATL-TPA,2125,3054 3782,2025-06,12,9,75.0,yes,1,no
F9,AUS-ATL,1731,4702,2025-07,21,14,66.7,yes,2,no
F9,AUS-ATL,1731,4702,2025-08,21,12,57.1,yes,3,no
F9,AUS-ATL,1741,4702,2025-06,18,13,72.2,yes,1,no
F9,AUS-SAN,1953,1877,2025-06,11,7,63.6,yes,1,no
F9,AUS-SAN,1953,1877,2025-07,17,7,41.2,no,0,no
F9,AUS-SAN,1953,1877,2025-08,11,5,45.5,no,0,no
F9,BDL-SJU,2141,3938,2025-03,11,6,54.5,yes,1,no
F9,BNA-ORD,1507,3080,2025-06,9,6,66.7,no,0,no
F9,BNA-ORD,1507,3080,2025-07,16,8,50.0,no,0,no
F9,BNA-ORD,1507,3080,2025-08,11,6,54.5,yes,1,no
F9,BOS-ATL,0510,3511,2025-02,10,6,60.0,yes,1,no
F9,BOS-ATL,0510,3511,2025-03,22,6,27.3,no,0,no
F9,BOS-ATL,0530,3511,2025-04,15,8,53.3,yes,1,no
F9,BOS-MCO,1222,3347,2025-12,10,6,60.0,yes,1,no
F9,BOS-SJU,1003,3001,2025-01,28,20,71.4,yes,1,no
F9,BOS-SJU,1003,3001,2025-02,16,8,50.0,no,0,no
F9,BWI-ATL,0720,2633,2025-06,19,11,57.9,yes,1,no
F9,BWI-ATL,0720,2633,2025-07,31,13,41.9,no,0,no
F9,BWI-ATL,1155,2509,2025-12,19,11,57.9,yes,1,no
F9,BWI-ATL,1737,2509,2025-06,29,21,72.4,yes,2,no
F9,BWI-ATL,1737,2509,2025-07,31,25,80.6,yes,3,no
F9,BWI-ATL,1836,2509,2025-05,15,9,60.0,yes,1,no
F9,BWI-CLT,1631,3075,2025-07,18,11,61.1,yes,1,no
F9,BWI-CLT,1631,3075,2025-08,10,4,40.0,no,0,no
F9,BWI-DEN,1726,2705,2025-07,17,10,58.8,yes,1,no
F9,BWI-DEN,1726,2705,2025-08,11,5,45.5,no,0,no
F9,BWI-DTW,1850,3081,2025-09,12,7,58.3,yes,1,no
F9,BWI-DTW,1850,3081,2025-10,3,2,66.7,no,0,no
F9,BWI-MCO,1459,4003,2025-06,11,6,54.5,yes,1,no
F9,BWI-MCO,1459,4003,2025-07,18,7,38.9,no,0,no
F9,BWI-MCO,1459,3663 4003,2025-08,20,7,35.0,no,0,no
F9,BWI-MIA,1558,1665,2025-06,8,2,25.0,no,0,no
F9,BWI-MIA,1558,1665,2025-07,14,8,57.1,yes,1,no
F9,BWI-MIA,1558,1665,2025-08,7,3,42.9,no,0,no
F9,BWI-SJU,1247,2266,2025-06,11,6,54.5,yes,1,no
F9,BWI-SJU,1251,2266,2025-08,11,8,72.7,yes,3,no
F9,BWI-SJU,1311,2266,2025-07,17,10,58.8,yes,2,no
F9,BWI-TPA,1821,4091,2025-02,13,7,53.8,yes,1,no
F9,CLE-DEN,2001,4637 4639,2025-06,23,14,60.9,yes,1,no
F9,CLE-DEN,2001,4637 4639,2025-07,22,8,36.4,no,0,no
F9,CLE-DEN,2001,4637 4639,2025-08,20,5,25.0,no,0,no
F9,CLE-PHX,1430,1471,2025-12,11,6,54.5,yes,1,no
F9,CLE-SJU,1137,4140,2025-07,15,4,26.7,no,0,no
F9,CLE-SJU,1137,4140,2025-08,11,6,54.5,yes,1,no
F9,CLT-CLE,1925,4573,2025-11,11,6,54.5,yes,1,no
F9,CLT-IAH,2023,3121,2025-01,12,7,58.3,yes,1,no
F9,CLT-IAH,2023,3121,2025-02,5,0,0.0,no,0,no
F9,CLT-LGA,1740,3134,2025-11,11,6,54.5,yes,1,no
F9,CLT-LGA,2059,3134,2025-03,26,17,65.4,yes,1,no
F9,CLT-LGA,2107,1188 3134,2025-04,21,12,57.1,yes,2,no
F9,CLT-MCO,1903,1445,2025-07,18,13,72.2,yes,1,no
F9,CLT-MCO,1903,1445,2025-08,10,8,80.0,yes,2,no
F9,CLT-PHL,1442,1384,2025-05,18,10,55.6,yes,1,no
F9,CLT-PHL,1542,1384,2025-06,29,15,51.7,yes,2,no
F9,CLT-PHL,1549,1384,2025-07,31,17,54.8,yes,3,no
F9,CLT-PHL,1549,1384,2025-08,18,8,44.4,no,0,no
F9,CLT-TPA,2109,3407,2025-05,3,1,33.3,no,0,no
F9,CLT-TPA,2109,3407,2025-06,12,6,50.0,no,0,no
F9,CLT-TPA,2109,3407,2025-07,13,8,61.5,yes,1,no
F9,CLT-TPA,2109,3407,2025-08,8,1,12.5,no,0,no
F9,CVG-DEN,1808,3285,2025-07,17,11,64.7,yes,1,no
F9,CVG-DEN,1808,3285,2025-08,11,5,45.5,no,0,no
F9,DCA-DEN,1800,689,2025-01,31,6,19.4,no,0,no
F9,DCA-DEN,1800,689,2025-02,28,16,57.1,yes,1,no
F9,DCA-DEN,1800,689,2025-03,30,6,20.0,no,0,no
F9,DCA-DEN,1800,689,2025-04,30,8,26.7,no,0,no
F9,DCA-DEN,1800,689,2025-05,31,14,45.2,no,0,no
F9,DCA-DEN,1800,689,2025-06,26,14,53.8,yes,1,no
F9,DCA-DEN,1800,689,2025-07,25,13,52.0,yes,2,no
F9,DCA-DEN,1800,689,2025-08,26,8,30.8,no,0,no
F9,DCA-DEN,1800,689,2025-09,26,7,26.9,no,0,no
F9,DCA-DEN,1800,689,2025-11,27,5,18.5,no,0,no
F9,DCA-DEN,1800,689,2025-12,26,4,15.4,no,0,no
F9,DEN-CVG,1935,1752,2025-05,12,7,58.3,yes,1,no
F9,DEN-DCA,1144,688,2025-01,31,5,16.1,no,0,no
F9,DEN-DCA,1144,688,2025-02,28,15,53.6,yes,1,no
F9,DEN-DCA,1144,688,2025-03,31,7,22.6,no,0,no
F9,DEN-DCA,1639,690,2025-01,31,6,19.4,no,0,no
F9,DEN-DCA,1639,690,2025-02,28,15,53.6,yes,1,no
F9,DEN-DCA,1639,690,2025-03,31,10,32.3,no,0,no
F9,DEN-DFW,2115,2632 4464,2025-06,12,9,75.0,yes,1,no
F9,DEN-DFW,2115,2632 4464,2025-07,17,5,29.4,no,0,no
F9,DEN-DFW,2115,2632 4464,2025-08,11,4,36.4,no,0,no
F9,DEN-DFW,2118,2632,2025-09,16,9,56.2,yes,1,no
F9,DEN-DTW,1946,2212,2025-06,21,12,57.1,yes,1,no
F9,DEN-DTW,1946,2212,2025-07,17,5,29.4,no,0,no
F9,DEN-DTW,1946,2212,2025-08,20,7,35.0,no,0,no
F9,DEN-MDW,1726,2210,2025-05,6,2,33.3,no,0,no
F9,DEN-MDW,1726,2210,2025-06,14,6,42.9,no,0,no
F9,DEN-MDW,1726,2210,2025-07,13,7,53.8,yes,1,no
F9,DEN-MDW,1726,2210,2025-08,8,5,62.5,no,0,no
F9,DEN-MSP,2127,1292,2025-07,31,17,54.8,yes,1,no
F9,DEN-MSP,2127,1292,2025-08,25,11,44.0,no,0,no
F9,DEN-ORD,2022,3174,2025-05,19,10,52.6,yes,1,no
F9,DEN-ORD,2022,3172,2025-10,19,4,21.1,no,0,no
F9,DEN-ORD,2050,3172,2025-03,22,9,40.9,no,0,no
F9,DEN-ORD,2050,3172,2025-04,18,10,55.6,yes,1,no
F9,DEN-PDX,2230,2687,2025-07,17,9,52.9,yes,1,no
F9,DEN-PHL,1625,3266,2025-05,6,2,33.3,no,0,no
F9,DEN-PHL,1625,3266,2025-06,17,9,52.9,yes,1,no
F9,DEN-PHL,1625,3266,2025-07,17,9,52.9,yes,2,no
F9,DEN-PHL,1625,3266,2025-08,11,6,54.5,yes,3,no
F9,DEN-PHL,2359,3340,2025-04,21,9,42.9,no,0,no
F9,DEN-PHL,2359,3340,2025-12,16,12,75.0,yes,1,no
F9,DEN-PHX,2229,4753,2025-06,19,12,63.2,yes,1,no
F9,DEN-PHX,2229,4753,2025-07,17,11,64.7,yes,2,no
F9,DEN-PHX,2229,4753,2025-08,18,5,27.8,no,0,no
F9,DEN-PHX,2229,4753,2025-11,19,6,31.6,no,0,no
F9,DEN-PHX,2229,4753,2025-12,25,3,12.0,no,0,no
F9,DEN-SEA,2229,3405,2025-06,19,7,36.8,no,0,no
F9,DEN-SEA,2229,3405,2025-07,17,9,52.9,yes,1,no
F9,DEN-SEA,2229,3405,2025-08,18,8,44.4,no,0,no
F9,DEN-SEA,2229,3405,2025-09,17,4,23.5,no,0,no
F9,DEN-SEA,2229,3405,2025-10,3,0,0.0,no,0,no
F9,DEN-SFO,2136,1093 3439,2025-06,9,3,33.3,no,0,no
F9,DEN-SFO,2136,1093 3439,2025-07,14,12,85.7,yes,1,no
F9,DEN-SFO,2136,1093 3439,2025-08,7,3,42.9,no,0,no
F9,DEN-SLC,2136,3981 4251,2025-06,11,5,45.5,no,0,no
F9,DEN-SLC,2136,3981 4251,2025-07,14,8,57.1,yes,1,no
F9,DEN-SLC,2136,3981 4251,2025-08,7,1,14.3,no,0,no
F9,DFW-ATL,0600,3022,2025-06,18,6,33.3,no,0,no
F9,DFW-ATL,0600,3022,2025-07,21,11,52.4,yes,1,no
F9,DFW-ATL,0600,3022,2025-08,23,9,39.1,no,0,no
F9,DFW-ATL,0600,3022,2025-09,21,3,14.3,no,0,no
F9,DFW-ATL,0600,3022,2025-10,19,2,10.5,no,0,no
F9,DFW-ATL,0600,1270 3022,2025-11,24,8,33.3,no,0,no
F9,DFW-ATL,1750,2494 2496,2025-06,25,14,56.0,yes,1,no
F9,DFW-ATL,1750,2494 2496,2025-07,27,17,63.0,yes,2,no
F9,DFW-ATL,1750,2494 2496,2025-08,17,8,47.1,no,0,no
F9,DFW-BWI,1500,1476,2025-07,19,10,52.6,yes,1,no
F9,DFW-BWI,1500,1476,2025-08,12,6,50.0,no,0,no
F9,DFW-LGA,1636,3424,2025-11,23,12,52.2,yes,1,no
F9,DFW-SAN,2251,1425,2025-06,19,13,68.4,yes,1,no
F9,DFW-SAN,2251,1425,2025-07,17,5,29.4,no,0,no
F9,DFW-SAN,2251,1425,2025-08,11,8,72.7,yes,1,no
F9,DFW-SFO,2059,3999,2025-02,10,2,20.0,no,0,no
F9,DFW-SFO,2059,3999,2025-03,18,6,33.3,no,0,no
F9,DFW-SFO,2059,3999,2025-04,21,2,9.5,no,0,no
F9,DFW-SFO,2059,3999,2025-05,20,7,35.0,no,0,no
F9,DFW-SFO,2059,3999,2025-09,17,9,52.9,yes,1,no
F9,DFW-SFO,2059,3999,2025-10,4,0,0.0,no,0,no
F9,DFW-TPA,1430,1334,2025-06,13,8,61.5,yes,1,no
F9,DTW-DFW,2119,3175,2025-09,12,7,58.3,yes,1,no
F9,DTW-DFW,2119,3175,2025-10,3,2,66.7,no,0,no
F9,EWR-ATL,1100,1157,2025-05,10,7,70.0,yes,1,no
F9,EWR-ATL,1100,1157,2025-08,31,5,16.1,no,0,no
F9,EWR-ATL,2200,4601,2025-01,31,11,35.5,no,0,no
F9,EWR-ATL,2200,4601,2025-02,28,12,42.9,no,0,no
F9,EWR-ATL,2200,4601,2025-04,30,18,60.0,yes,1,no
F9,EWR-ATL,2200,4601,2025-05,21,17,81.0,yes,2,no
F9,EWR-ATL,2230,1157,2025-11,11,2,18.2,no,0,no
F9,EWR-ATL,2230,1157,2025-12,31,20,64.5,yes,1,no
F9,EWR-MDW,1130,1413,2025-12,13,7,53.8,yes,1,no
F9,EWR-MDW,2200,1413,2025-10,11,7,63.6,yes,1,no
F9,EWR-SJU,1125,3573,2025-04,30,16,53.3,yes,1,no
F9,EWR-SJU,1301,3573,2025-01,31,19,61.3,yes,1,no
F9,FLL-ATL,1310,3013,2025-12,14,9,64.3,yes,1,no
F9,FLL-ATL,1932,2171,2025-06,16,14,87.5,yes,1,no
F9,FLL-ATL,1932,2171,2025-07,17,9,52.9,yes,2,no
F9,FLL-ATL,1933,2171,2025-08,11,6,54.5,yes,3,no
F9,IAD-ATL,0600,4707,2025-11,13,7,53.8,yes,1,no
F9,IAD-ATL,1624,1081,2025-06,20,13,65.0,yes,2,no
F9,IAD-ATL,1643,1081,2025-05,11,6,54.5,yes,1,no
F9,IAD-MCO,1726,4811,2025-05,12,7,58.3,yes,1,no
F9,IAD-SJU,1223,2906,2025-06,11,7,63.6,yes,1,no
F9,IAD-SJU,1224,2906,2025-07,14,10,71.4,yes,2,no
F9,IAD-SJU,1224,2906,2025-08,7,4,57.1,no,0,no
F9,IAD-TPA,1759,2953,2025-08,15,8,53.3,yes,3,no
F9,IAD-TPA,1807,2953,2025-06,21,15,71.4,yes,1,no
F9,IAD-TPA,1807,2953,2025-07,21,15,71.4,yes,2,no
F9,IAH-ATL,1231,2400,2025-05,10,7,70.0,yes,1,no
F9,IAH-ATL,1639,2400,2025-05,10,6,60.0,yes,1,no
F9,IAH-ATL,1641,2400,2025-06,19,16,84.2,yes,2,no
F9,IAH-ATL,1641,2400,2025-08,13,6,46.2,no,0,no
F9,IAH-ATL,1642,2400,2025-07,22,15,68.2,yes,3,no
F9,IAH-MCO,2056,4978,2025-06,30,19,63.3,yes,1,no
F9,IAH-MCO,2056,4978,2025-07,31,12,38.7,no,0,no
F9,IAH-MCO,2056,4978,2025-08,18,5,27.8,no,0,no
F9,IAH-ORD,1005,3136,2025-07,17,9,52.9,yes,1,no
F9,IAH-ORD,1005,3136,2025-08,11,6,54.5,yes,2,no
F9,IAH-PHX,1307,4181,2025-06,12,9,75.0,yes,1,no
F9,IAH-PHX,1307,4181,2025-07,17,4,23.5,no,0,no
F9,IAH-PHX,1307,4181,2025-08,11,4,36.4,no,0,no
F9,IAH-TPA,2046,2560 2562,2025-06,18,12,66.7,yes,1,no
F9,IAH-TPA,2046,2560 2562,2025-08,13,0,0.0,no,0,no
F9,ISP-FLL,1640,1997,2025-12,14,8,57.1,yes,1,no
F9,ISP-MCO,2037,1237,2025-07,19,12,63.2,yes,1,no
F9,ISP-MCO,2037,1237,2025-08,11,8,72.7,yes,2,no
F9,ISP-TPA,1405,3355,2025-06,17,9,52.9,yes,1,no
F9,ISP-TPA,1405,3355,2025-07,21,5,23.8,no,0,no
F9,ISP-TPA,1405,3355,2025-08,14,1,7.1,no,0,no
F9,JAX-PHL,1626,4022,2025-06,12,7,58.3,yes,1,no
F9,LAS-DEN,1546,3540,2025-05,31,13,41.9,no,0,no
F9,LAS-DEN,1546,3540,2025-06,17,10,58.8,yes,1,no
F9,LAS-DEN,1546,3540,2025-07,27,12,44.4,no,0,no
F9,LAS-DEN,1546,3540,2025-08,18,6,33.3,no,0,no
F9,LAS-MCO,1525,1728,2025-05,10,8,80.0,yes,1,no
F9,LAS-ORD,2315,2146,2025-04,17,9,52.9,yes,1,no
F9,LAS-SAN,1041,1469,2025-07,15,8,53.3,yes,1,no
F9,LAS-SAN,1118,1469,2025-12,18,10,55.6,yes,1,no
F9,LAS-SAN,1646,1325 1465,2025-06,21,11,52.4,yes,1,no
F9,LAS-SFO,1045,3801,2025-12,14,8,57.1,yes,1,no
F9,LAS-SFO,1943,4401,2025-04,3,0,0.0,no,0,no
F9,LAS-SFO,1943,4401,2025-12,19,11,57.9,yes,1,no
F9,LAX-ATL,1302,4316,2025-07,17,10,58.8,yes,2,no
F9,LAX-ATL,1302,4316,2025-08,22,10,45.5,no,0,no
F9,LAX-ATL,1306,4316,2025-06,20,15,75.0,yes,1,no
F9,LAX-ATL,2128,3216,2025-06,23,14,60.9,yes,2,no
F9,LAX-ATL,2128,3216,2025-07,23,13,56.5,yes,3,no
F9,LAX-ATL,2128,3216,2025-08,27,10,37.0,no,0,no
F9,LAX-ATL,2235,3216,2025-01,31,12,38.7,no,0,no
F9,LAX-ATL,2235,3216,2025-02,28,10,35.7,no,0,no
F9,LAX-ATL,2235,3216,2025-03,2,2,100.0,no,0,no
F9,LAX-ATL,2235,3216,2025-04,30,15,50.0,no,0,no
F9,LAX-ATL,2235,3216,2025-05,21,12,57.1,yes,1,no
F9,LAX-DFW,1905,4964,2025-05,10,6,60.0,yes,1,no
F9,LAX-IAH,1423,1756,2025-06,30,20,66.7,yes,1,no
F9,LAX-IAH,1423,1756,2025-07,31,13,41.9,no,0,no
F9,LAX-MCO,2359,4146,2025-12,14,8,57.1,yes,1,no
F9,LAX-PHL,2224,3588,2025-05,10,7,70.0,yes,1,no
F9,LAX-PHL,2232,3588,2025-07,22,15,68.2,yes,3,no
F9,LAX-PHL,2232,3588,2025-08,22,8,36.4,no,0,no
F9,LAX-PHL,2235,3588,2025-06,21,18,85.7,yes,2,no
F9,LAX-SFO,1829,2857,2025-11,18,12,66.7,yes,1,no
F9,LGA-ATL,0630,3287,2025-04,9,3,33.3,no,0,no
F9,LGA-ATL,0630,3287,2025-05,28,8,28.6,no,0,no
F9,LGA-ATL,0630,3287,2025-06,30,16,53.3,yes,1,no
F9,LGA-ATL,0630,3287,2025-07,31,10,32.3,no,0,no
F9,LGA-ATL,0630,3287,2025-08,31,9,29.0,no,0,no
F9,LGA-ATL,0630,3287,2025-09,30,9,30.0,no,0,no
F9,LGA-ATL,0630,3287,2025-10,31,9,29.0,no,0,no
F9,LGA-CLT,1659,3133,2025-10,6,2,33.3,no,0,no
F9,LGA-CLT,1659,3133,2025-11,17,10,58.8,yes,1,no
F9,LGA-RDU,1700,3313,2025-05,10,1,10.0,no,0,no
F9,LGA-RDU,1700,3313,2025-06,30,16,53.3,yes,1,no
F9,LGA-RDU,1700,3313,2025-07,31,14,45.2,no,0,no
F9,LGA-RDU,1700,3313,2025-08,31,9,29.0,no,0,no
F9,LGA-RDU,1730,3313,2025-11,8,7,87.5,no,0,no
F9,LGA-RDU,1730,3313,2025-12,30,18,60.0,yes,1,no
F9,MCI-DEN,2001,3375,2025-06,11,6,54.5,yes,1,no
F9,MCI-DEN,2001,3375,2025-07,8,3,37.5,no,0,no
F9,MCI-DEN,2001,3375,2025-08,6,2,33.3,no,0,no
F9,MCO-ATL,1937,4025,2025-05,10,7,70.0,yes,1,no
F9,MCO-ATL,2140,1241 3975 4025,2025-06,26,18,69.2,yes,2,no
F9,MCO-ATL,2140,1241 3975 4025,2025-07,30,13,43.3,no,0,no
F9,MCO-ATL,2140,1241 3975 4025,2025-08,17,12,70.6,yes,1,no
F9,MCO-CLE,2010,4541,2025-12,16,9,56.2,yes,1,no
F9,MCO-CLE,2109,2251,2025-12,15,9,60.0,yes,1,no
F9,MCO-CVG,1534,1749,2025-07,12,9,75.0,yes,1,no
F9,MCO-CVG,1534,1749,2025-08,9,3,33.3,no,0,no
F9,MCO-CVG,2257,2547,2025-06,15,7,46.7,no,0,no
F9,MCO-CVG,2257,2547,2025-07,17,10,58.8,yes,1,no
F9,MCO-CVG,2257,2547,2025-08,16,5,31.2,no,0,no
F9,MCO-ISP,1655,4532,2025-08,11,8,72.7,yes,1,no
F9,MCO-LAS,1925,1727 1875,2025-05,10,4,40.0,no,0,no
F9,MCO-LAS,1925,1727,2025-06,25,10,40.0,no,0,no
F9,MCO-LAS,1925,1727,2025-07,22,9,40.9,no,0,no
F9,MCO-LAS,1925,1727,2025-08,13,7,53.8,yes,1,no
F9,MCO-PHL,1852,4170,2025-05,6,4,66.7,no,0,no
F9,MCO-PHL,1852,4170,2025-06,19,11,57.9,yes,1,no
F9,MCO-PHL,1852,4170,2025-07,17,11,64.7,yes,2,no
F9,MCO-PHL,1852,4170,2025-08,11,5,45.5,no,0,no
F9,MCO-PHL,2242,1808,2025-10,17,10,58.8,yes,1,no
F9,MCO-SJU,1200,1824,2025-12,20,11,55.0,yes,1,no
F9,MDW-EWR,1756,1414,2025-10,11,9,81.8,yes,1,no
F9,MIA-ATL,1821,3059 4405,2025-11,14,8,57.1,yes,1,no
F9,MIA-BWI,1550,1666,2025-05,6,1,16.7,no,0,no
F9,MIA-BWI,1550,2940,2025-06,11,2,18.2,no,0,no
F9,MIA-BWI,1550,2940,2025-07,17,6,35.3,no,0,no
F9,MIA-BWI,1550,2940,2025-08,11,6,54.5,yes,1,no
F9,MIA-PHL,2142,3380,2025-05,6,1,16.7,no,0,no
F9,MIA-PHL,2142,1204 3380,2025-06,18,10,55.6,yes,1,no
F9,MIA-PHL,2142,1204,2025-07,17,7,41.2,no,0,no
F9,MIA-PHL,2142,1204,2025-08,14,2,14.3,no,0,no
F9,MSN-DEN,1918,4061,2025-07,14,8,57.1,yes,1,no
F9,MSN-DEN,1918,1559 4061,2025-08,10,2,20.0,no,0,no
F9,MYR-ISP,2105,1682,2025-06,16,11,68.8,yes,1,no
F9,MYR-ISP,2113,1682,2025-07,17,12,70.6,yes,2,no
F9,MYR-ISP,2113,1682,2025-08,11,5,45.5,no,0,no
F9,OKC-DEN,1800,1863,2025-07,17,9,52.9,yes,1,no
F9,OKC-DEN,1800,1863,2025-08,11,5,45.5,no,0,no
F9,OMA-DEN,1951,1127,2025-05,6,4,66.7,no,0,no
F9,OMA-DEN,1951,1127,2025-06,14,5,35.7,no,0,no
F9,OMA-DEN,1951,1127,2025-07,18,10,55.6,yes,1,no
F9,OMA-DEN,1951,1127,2025-08,12,4,33.3,no,0,no
F9,ONT-DEN,1721,1262 2908,2025-05,9,5,55.6,no,0,no
F9,ONT-DEN,1721,1262 2908,2025-06,28,16,57.1,yes,1,no
F9,ONT-DEN,1721,2908,2025-07,31,15,48.4,no,0,no
F9,ONT-DEN,1721,2908,2025-08,25,7,28.0,no,0,no
F9,ONT-LAS,1930,4758,2025-09,13,7,53.8,yes,1,no
F9,ONT-LAS,1930,4758,2025-10,5,0,0.0,no,0,no
F9,ONT-LAS,1936,4758,2025-06,11,6,54.5,yes,1,no
F9,ORD-ATL,1816,1442,2025-06,22,13,59.1,yes,1,no
F9,ORD-ATL,1816,1442,2025-07,16,10,62.5,yes,2,no
F9,ORD-ATL,1816,1442,2025-08,18,6,33.3,no,0,no
F9,ORD-DFW,1556,3241,2025-01,13,7,53.8,yes,1,no
F9,ORD-DFW,1556,3241,2025-02,4,1,25.0,no,0,no
F9,ORD-DFW,1905,1341 3241,2025-10,11,6,54.5,yes,1,no
F9,ORD-SAN,1339,1855,2025-07,31,17,54.8,yes,1,no
F9,ORD-SAN,1339,1855,2025-08,18,8,44.4,no,0,no
F9,PBI-ISP,2157,2448,2025-06,11,8,72.7,yes,1,no
F9,PBI-ISP,2157,2448,2025-07,1,1,100.0,no,0,no
F9,PBI-PHL,1539,2500,2025-07,12,7,58.3,yes,1,no
F9,PBI-PHL,1539,2500,2025-08,9,4,44.4,no,0,no
F9,PHL-ATL,1835,1003 1101 2297,2025-11,25,14,56.0,yes,1,no
F9,PHL-ATL,1845,1101 2297,2025-07,30,21,70.0,yes,2,no
F9,PHL-ATL,1845,1101 2297,2025-08,27,13,48.1,no,0,no
F9,PHL-ATL,1854,1101 2297,2025-06,25,18,72.0,yes,1,no
F9,PHL-ATL,2041,1003,2025-12,11,7,63.6,yes,2,no
F9,PHL-DFW,1610,3985,2025-04,3,0,0.0,no,0,no
F9,PHL-DFW,1610,3985,2025-05,12,8,66.7,yes,1,no
F9,PHL-LAS,0710,1601,2025-05,10,0,0.0,no,0,no
F9,PHL-LAS,0710,1601,2025-12,14,9,64.3,yes,1,no
F9,PHL-MCO,1715,2505,2025-06,13,8,61.5,yes,1,no
F9,PHL-MCO,1715,2505 2507,2025-09,3,0,0.0,no,0,no
F9,PHL-MCO,1858,2507,2025-10,19,10,52.6,yes,1,no
F9,PHL-MCO,2229,4169,2025-06,18,10,55.6,yes,2,no
F9,PHL-MCO,2229,4169,2025-07,17,10,58.8,yes,3,no
F9,PHL-MCO,2229,4169,2025-08,10,5,50.0,no,0,no
F9,PHL-MCO,2259,4169,2025-01,1,1,100.0,no,0,no
F9,PHL-MCO,2259,4169,2025-02,10,3,30.0,no,0,no
F9,PHL-MCO,2259,4169,2025-03,18,4,22.2,no,0,no
F9,PHL-MCO,2259,4169,2025-04,16,2,12.5,no,0,no
F9,PHL-MCO,2259,4169,2025-05,18,10,55.6,yes,1,no
F9,PHL-MIA,1736,4953,2025-05,6,4,66.7,no,0,no
F9,PHL-MIA,1736,1203 4953,2025-06,18,11,61.1,yes,1,no
F9,PHL-MIA,1736,1203,2025-07,17,10,58.8,yes,2,no
F9,PHL-MIA,1736,1203,2025-08,14,2,14.3,no,0,no
F9,PHL-MYR,1835,3271,2025-06,16,10,62.5,yes,1,no
F9,PHL-MYR,1837,3271,2025-07,17,12,70.6,yes,2,no
F9,PHL-MYR,1837,3271,2025-08,11,4,36.4,no,0,no
F9,PHL-PBI,0830,2581,2025-12,15,9,60.0,yes,1,no
F9,PHL-PBI,1810,2581,2025-06,11,8,72.7,yes,1,no
F9,PHL-PBI,1810,2581,2025-07,1,1,100.0,no,0,no
F9,PHL-SJU,1107,1726,2025-05,12,7,58.3,yes,1,no
F9,PHL-SJU,1556,1166,2025-01,11,6,54.5,yes,1,no
F9,PHL-SJU,1556,1166,2025-02,4,2,50.0,no,0,no
F9,PHL-SJU,2005,4462,2025-06,30,12,40.0,no,0,no
F9,PHL-SJU,2005,4462,2025-07,31,16,51.6,yes,1,no
F9,PHL-SJU,2005,4462,2025-08,26,13,50.0,no,0,no
F9,PHL-TPA,1555,2339,2025-07,11,6,54.5,yes,1,no
F9,PHL-TPA,1555,2339,2025-09,22,1,4.5,no,0,no
F9,PHL-TPA,1735,2339,2025-12,16,9,56.2,yes,1,no
F9,PHL-TPA,1846,2339 2835,2025-05,15,9,60.0,yes,1,no
F9,PHL-TPA,1920,2339,2025-06,6,2,33.3,no,0,no
F9,PHL-TPA,1920,2339,2025-07,10,6,60.0,yes,1,no
F9,PHL-TPA,1920,2339,2025-08,4,2,50.0,no,0,no
F9,PHX-AUS,1448,3660,2025-06,11,8,72.7,yes,1,no
F9,PHX-CLE,1815,1472,2025-12,12,7,58.3,yes,1,no
F9,PHX-LAS,2200,4113,2025-11,10,7,70.0,yes,1,no
F9,PHX-SAN,1546,2083,2025-06,15,8,53.3,yes,1,no
F9,PHX-SAN,1546,2083,2025-07,21,9,42.9,no,0,no
F9,PHX-SAN,1546,2083,2025-08,15,6,40.0,no,0,no
F9,PIT-PHL,1509,1792,2025-12,10,6,60.0,yes,1,no
F9,PIT-PHL,1549,1792,2025-06,18,11,61.1,yes,1,no
F9,PIT-PHL,1549,1792,2025-07,9,3,33.3,no,0,no
F9,PIT-PHL,1549,1792,2025-08,5,1,20.0,no,0,no
F9,PNS-DEN,1629,2443,2025-06,12,4,33.3,no,0,no
F9,PNS-DEN,1629,2443,2025-07,12,8,66.7,yes,1,no
F9,PNS-DEN,1629,2443,2025-08,14,11,78.6,yes,2,no
F9,RDU-ATL,1707,4797,2025-06,23,12,52.2,yes,1,no
F9,RDU-DEN,1723,2225,2025-06,24,13,54.2,yes,1,no
F9,RDU-DEN,1723,2225,2025-07,26,6,23.1,no,0,no
F9,RDU-DEN,1723,2225,2025-08,25,10,40.0,no,0,no
F9,RDU-DEN,1723,2225,2025-09,14,7,50.0,no,0,no
F9,RDU-LGA,1500,3314,2025-11,19,10,52.6,yes,1,no
F9,RDU-LGA,1500,3314,2025-12,1,0,0.0,no,0,no
F9,RDU-MCO,2014,1233,2025-12,30,18,60.0,yes,1,no
F9,RDU-PHL,1550,2060,2025-05,21,12,57.1,yes,1,no
F9,RSW-DTW,1346,3893,2025-12,10,6,60.0,yes,1,no
F9,SAN-LAS,1251,1466,2025-05,10,8,80.0,yes,1,no
F9,SAN-LAS,1259,1466,2025-06,23,11,47.8,no,0,no
F9,SAN-LAS,1259,1466,2025-07,15,10,66.7,yes,1,no
F9,SAN-LAS,1303,1326 1466,2025-08,13,8,61.5,yes,2,no
F9,SAN-LAS,1306,1470,2025-12,12,7,58.3,yes,1,no
F9,SAN-LAS,1559,1466,2025-10,8,5,62.5,no,0,no
F9,SAN-LAS,1559,1466 1470,2025-11,11,6,54.5,yes,1,no
F9,SAN-LAS,1916,1326 1470,2025-05,8,5,62.5,no,0,no
F9,SAN-LAS,1916,1326,2025-06,21,11,52.4,yes,1,no
F9,SAN-ORD,1644,1856,2025-07,31,20,64.5,yes,2,no
F9,SAN-ORD,1644,1856,2025-08,18,8,44.4,no,0,no
F9,SAN-ORD,1653,1856,2025-06,19,16,84.2,yes,1,no
F9,SAN-ORD,1653,1856,2025-09,5,2,40.0,no,0,no
F9,SAN-PHX,2130,1572,2025-06,11,7,63.6,yes,1,no
F9,SAN-PHX,2130,1572,2025-07,17,6,35.3,no,0,no
F9,SAN-PHX,2130,1572,2025-08,13,5,38.5,no,0,no
F9,SAN-SFO,1753,3383,2025-06,15,9,60.0,yes,1,no
F9,SAN-SFO,1753,3383,2025-07,21,12,57.1,yes,2,no
F9,SAN-SFO,1753,3383,2025-08,14,7,50.0,no,0,no
F9,SAN-SFO,2010,3381,2025-12,20,11,55.0,yes,1,no
F9,SEA-LAS,1511,4830,2025-05,6,1,16.7,no,0,no
F9,SEA-LAS,1511,4830,2025-06,18,10,55.6,yes,1,no
F9,SEA-LAS,1511,4830,2025-07,17,6,35.3,no,0,no
F9,SEA-LAS,1511,4830,2025-08,17,3,17.6,no,0,no
F9,SFO-ATL,2349,1448,2025-04,30,16,53.3,yes,1,no
F9,SFO-DEN,1842,3440,2025-06,10,7,70.0,yes,1,no
F9,SFO-LAS,1846,1850,2025-06,12,7,58.3,yes,1,no
F9,SFO-LAS,2217,4156,2025-10,11,6,54.5,yes,1,no
F9,SFO-PHX,2031,1192 2638,2025-06,21,13,61.9,yes,1,no
F9,SFO-PHX,2036,2638,2025-07,21,11,52.4,yes,2,no
F9,SFO-PHX,2036,1192 2638,2025-08,18,9,50.0,no,0,no
F9,SFO-PHX,2055,2638,2025-11,18,12,66.7,yes,1,no
F9,SJU-ATL,1508,2871,2025-07,21,7,33.3,no,0,no
F9,SJU-ATL,1508,2871,2025-08,23,12,52.2,yes,1,no
F9,SJU-ATL,1515,2871,2025-06,20,11,55.0,yes,1,no
F9,SJU-IAD,1618,2905,2025-12,11,6,54.5,yes,1,no
F9,SJU-MIA,1912,3377,2025-01,13,7,53.8,yes,1,no
F9,SJU-MIA,1912,3377,2025-02,7,2,28.6,no,0,no
F9,SJU-PHL,0059,4461,2025-01,6,2,33.3,no,0,no
F9,SJU-PHL,0059,4461,2025-04,21,10,47.6,no,0,no
F9,SJU-PHL,0059,1015,2025-05,10,5,50.0,no,0,no
F9,SJU-PHL,0059,1015,2025-06,30,15,50.0,no,0,no
F9,SJU-PHL,0059,1015,2025-07,31,19,61.3,yes,1,no
F9,SJU-PHL,0059,1015,2025-08,27,17,63.0,yes,2,no
F9,SJU-PHL,0059,1015,2025-09,1,0,0.0,no,0,no
F9,SJU-PHL,1059,1165,2025-06,18,4,22.2,no,0,no
F9,SJU-PHL,1059,1165,2025-07,17,10,58.8,yes,1,no
F9,SJU-PHL,1059,1165,2025-08,11,2,18.2,no,0,no
F9,SJU-PHL,1259,1165,2025-06,12,0,0.0,no,0,no
F9,SJU-PHL,1259,1165,2025-07,14,4,28.6,no,0,no
F9,SJU-PHL,1259,1165,2025-08,11,6,54.5,yes,2,no
F9,SJU-PHL,2122,1165 3247 4461,2025-01,17,9,52.9,yes,1,no
F9,SJU-PHL,2122,1165 4461,2025-02,8,1,12.5,no,0,no
F9,SJU-TPA,1743,2215,2025-06,17,11,64.7,yes,1,no
F9,SJU-TPA,1743,2215,2025-07,17,6,35.3,no,0,no
F9,SJU-TPA,1743,2215,2025-08,11,9,81.8,yes,1,no
F9,SLC-DFW,1947,2426 3278,2025-07,12,7,58.3,yes,1,no
F9,SLC-LAS,2013,1507 3015,2025-10,11,6,54.5,yes,1,no
F9,SLC-LAS,2220,1507,2025-11,10,6,60.0,yes,1,no
F9,STL-MCO,1627,2630,2025-12,15,9,60.0,yes,1,no
F9,TPA-ATL,1926,3053,2025-06,20,16,80.0,yes,1,no
F9,TPA-ATL,1926,3053,2025-07,21,9,42.9,no,0,no
F9,TPA-ATL,1926,3053,2025-08,14,6,42.9,no,0,no
F9,TPA-ATL,1940,3781,2025-04,18,13,72.2,yes,1,no
F9,TPA-BOS,2124,1216,2025-06,19,11,57.9,yes,1,no
F9,TPA-BOS,2124,1216,2025-07,31,16,51.6,yes,2,no
F9,TPA-BOS,2124,1216,2025-08,17,5,29.4,no,0,no
F9,TPA-BWI,2045,1538,2025-06,11,8,72.7,yes,1,no
F9,TPA-BWI,2045,1538,2025-08,11,1,9.1,no,0,no
F9,TPA-CLT,1828,3408,2025-05,3,1,33.3,no,0,no
F9,TPA-CLT,1828,3408,2025-06,12,7,58.3,yes,1,no
F9,TPA-CLT,1828,3408,2025-07,13,6,46.2,no,0,no
F9,TPA-CLT,1828,3408,2025-08,8,1,12.5,no,0,no
F9,TPA-DEN,2150,2745,2025-07,17,7,41.2,no,0,no
F9,TPA-DEN,2150,2745 2747,2025-08,11,6,54.5,yes,1,no
F9,TPA-DEN,2203,2745,2025-06,17,11,64.7,yes,1,no
F9,TPA-IAD,1457,2954,2025-07,21,11,52.4,yes,1,no
F9,TPA-IAH,1820,2561,2025-06,12,9,75.0,yes,1,no
F9,TPA-PHL,1825,2340 2538 2836,2025-03,13,8,61.5,yes,1,no
F9,TPA-PHL,1952,2836,2025-05,8,3,37.5,no,0,no
F9,TPA-PHL,1952,2836,2025-06,15,5,33.3,no,0,no
F9,TPA-PHL,1952,2836,2025-07,11,10,90.9,yes,1,no
F9,TPA-PHL,1952,2836,2025-09,8,2,25.0,no,0,no
F9,TPA-PHL,1952,2836,2025-10,15,2,13.3,no,0,no
F9,TPA-PHL,1952,2836,2025-11,5,1,20.0,no,0,no
F9,TPA-PHL,2139,1474,2025-12,12,8,66.7,yes,1,no
F9,TPA-TTN,2115,4172,2025-05,12,8,66.7,yes,1,no
